"代號","名稱","股價日期","成交","股價最高","股價最低","成交張數","5日均線","10日均線","月均線","季均線"
="006201","元大富櫃50","08/26","15.4","15.42","15.24","146","15.02↘","15.27↗","15.5↗","15.09↗"
"00679B","元大美債20年","08/26","48.91","49.25","48.88","822","49.31↘","49.32↘","50.12↘","49.57↘"
"00687B","國泰20年美債","08/26","51.25","51.5","51.2","177","51.66↘","51.58↘","52.35↘","51.86↘"
"00694B","富邦美債1-3","08/26","39.69","39.69","39.64","336","39.71↘","39.71↘","39.69↗","39.94↘"
"00695B","富邦美債7-10","08/26","41.4","41.46","41.4","356","41.54↘","41.52↘","41.66↘","41.76↘"
"00696B","富邦美債20年","08/26","52","52","51.35","470","51.86↗","51.72↘","52.45↘","51.93↘"
"00697B","元大美債7-10","08/26","44.02","44.1","44.01","218","44.18↘","44.18↘","44.29↘","44.29↘"
"00718B","富邦中國政策債","08/26","19.12","19.15","19.12","489","19.15↘","19.24↘","19.26↘","19.29↘"
"00719B","元大美債1-3","08/26","31.76","31.76","31.75","101","31.78↗","31.76↗","31.74↗","31.88↘"
"00720B","元大投資級公司債","08/26","47.14","47.33","47.12","597","47.44↘","47.52↘","48.16↘","47.23↗"
"00721B","元大中國債3-5","08/26","44.02","44.02","43.92","788","44↘","44.17↘","44.25↘","44.3↘"
"00722B","群益15年IG電信債","08/26","50.65","50.8","50.5","169","50.94↘","51.07↘","51.77↘","51.13↗"
"00723B","群益15年IG科技債","08/26","46.88","47","46.86","131","47.17↘","47.25↘","48.15↘","47.56↗"
"00724B","群益10年IG金融債","08/26","45.84","46.3","45.83","137","46.1↘","46.23↘","46.74↘","45.93↗"
"00725B","國泰投資級公司債","08/26","45.72","45.76","45.72","113","45.69↗","45.8↘","46.17↘","45.41↗"
"00726B","國泰5Y+新興債","08/26","45.65","45.7","45.65","101","45.64↗","45.78↘","45.74↗","44.58↗"
"00727B","國泰1-5Y高收債","08/26","39.05","39.05","38.81","101","38.97↗","38.97↗","38.97↗","38.92↗"
"00734B","台新JPM新興債","08/26","21.91","21.98","21.87","1,407","21.94→","22.02↘","22.06↗","21.57↗"
"00740B","富邦全球投等債","08/26","49.69","50","49.69","401","50↘","50.08↘","50.62↘","49.83↗"
"00741B","富邦全球高收債","08/26","38.24","38.26","38.24","255","38.2↗","38.2↘","38.21↗","38.13↗"
"00744B","國泰中國政金債5+","08/26","40.55","40.55","40.55","100","40.58↘","40.54↗","40.37↗","40.57↘"
"00745B","富邦中政債0-1","08/26","39.3","39.32","39.3","102","39.27↗","39.23↗","39.09↗","38.9↗"
"00746B","富邦A級公司債","08/26","48.6","49","48.58","77","48.88↘","48.99↘","49.65↘","48.96↗"
"00747B","FH中國政策債","08/26","50.2","50.2","50.05","143","50.15→","50.09↗","49.87↗","49.66↘"
"00748B","凱基中國債3-10","08/26","40.6","40.6","40.57","102","40.6↘","40.78↘","40.75↗","40.71↘"
"00749B","凱基新興債10+","08/26","48.42","48.42","48.42","100","48.61↘","48.88↘","48.95↗","47.45↗"
"00750B","凱基科技債10+","08/26","48.16","48.16","48.16","100","48.51↘","48.56↘","49.37↘","48.78↗"
"00751B","元大AAA至A公司債","08/26","49.61","49.95","49.59","963","50.03↘","50.15↘","51.08↘","50.12↗"
"00754B","群益AAA-AA公司債","08/26","50.15","50.45","50.15","113","50.44↘","50.72↘","51.9↘","51.26↘"
"00755B","群益15年IG公用債","08/26","48.48","48.78","48.4","121","48.79↘","49.03↘","49.93↘","48.66↗"
"00756B","群益15年EM主權債","08/26","50.9","50.9","50.7","152","50.98↗","51.36↘","51.79↗","49.92↗"
"00758B","FH能源債","08/26","63","63.05","63","103","63.39↘","63.76↘","64.67↘","63.45↗"
"00759B","FH製藥債","08/26","77.45","77.7","77.45","104","77.98↘","78.62↘","80.01↘","78.3↗"
"00760B","FH新興企業債","08/26","69.25","69.25","69.2","102","69.46→","69.91↘","70.31↗","68.08↗"
"00761B","國泰A級公司債","08/26","50.5","51.05","50.5","122","50.83↘","51.03↘","51.93↘","51.2↗"
"00764B","群益25年美債","08/26","52.1","52.2","51.95","110","52.44↘","52.35↘","53.19↘","52.55↘"
"00765B","群益中國政金債","08/26","39.07","39.07","39.07","100","39.05↘","39.04↗","38.89↗","38.78↘"
"00768B","FH20年美債","08/26","81.35","81.6","81.35","518","81.93↘","81.79↘","83.03↘","82.03↘"
"00772B","中信高評級公司債","08/26","48.89","49.35","48.84","355","49.24↘","49.39↘","50.27↘","49.45↗"
"00773B","中信優先金融債","08/26","49.56","49.65","49.56","253","49.81↘","50↘","50.64↘","49.65↗"
"00777B","凱基AAA至A公司債","08/26","48.25","48.45","48.22","104","48.59↘","48.71↘","49.58↘","48.77↗"
"00778B","凱基金融債20+","08/26","49.32","49.32","49.32","100","49.76↘","49.9↘","50.58↘","49.53↗"
"00779B","凱基美債25+","08/26","52.55","52.55","52.55","100","52.99↘","52.91↘","53.79↘","53.17↘"
"00780B","國泰A級金融債","08/26","44","44","44","100","44→","44.08↘","44.29↘","43.88↗"
"00781B","國泰A級科技債","08/26","47.96","47.98","47.96","102","48.05↗","48.17↘","49.22↘","48.7↗"
"00782B","國泰A級公用債","08/26","47.16","47.27","47.16","104","47.44↘","47.57↘","48.37↘","47.38↗"
"00784B","富邦中國投等債","08/26","40.45","40.48","40.45","201","40.5↘","40.5↘","40.51↗","40.49↘"
"00785B","富邦金融投等債","08/26","46.94","47","46.93","216","47.22↘","47.33↘","47.9↘","47.1↗"
"00786B","元大10年IG銀行債","08/26","45.69","45.81","45.69","42","45.97↘","46.2↘","46.86↘","46.05↗"
"00787B","元大10年IG醫療債","08/26","47.17","47.4","47.17","695","47.51↘","47.69↘","48.37↘","47.46↗"
"00788B","元大10年IG電能債","08/26","45.6","45.62","45.59","182","45.86↘","46.02↘","46.72↘","45.77↗"
"00789B","FH公司債A3","08/26","71.9","72.2","71.9","255","72.55↘","72.76↘","74.15↘","73.08↗"
"00790B","FH次順位IG金融債","08/26","69.15","69.8","69.15","250","69.6↘","69.72↘","70.25↘","69.15↗"
"00791B","FH美元信用債1-5Y","08/26","59.4","59.5","59.4","250","59.54↘","59.54↘","59.4↗","59.5↘"
"00792B","群益A級公司債","08/26","47.22","47.37","47.19","133","47.53↘","47.72↘","48.51↘","47.65↗"
"00793B","群益AAA-A醫療債","08/26","47.37","47.71","47.22","117","47.6↘","47.83↘","48.55↘","47.66↗"
"00794B","群益7+中國政金債","08/26","38.64","38.64","38.64","100","38.71↘","38.84↘","38.77↘","38.75↘"
"00795B","中信美國公債20年","08/26","49.38","49.55","49.37","237","49.75↘","49.74↘","50.54↘","49.97↘"
"00796B","中信中國債7-10","08/26","38.42","38.42","38.35","212","38.44↘","38.63↘","38.65↘","38.69↘"
"00799B","國泰A級醫療債","08/26","46.3","46.47","46.3","104","46.56↘","46.83↘","47.59↘","46.65↗"
"00831B","新光美債1-3","08/26","38.9","38.91","38.9","175","38.95↘","38.97↘","38.97↗","39.18↘"
"00832B","新光美債20+","08/26","50.55","50.55","50.55","50","50.9↘","50.85↘","51.6↘","51.05↘"
"00833B","第一金美債20+","08/26","48.22","48.31","48.22","102","48.59↘","48.58↘","49.37↘","48.92↘"
"00834B","第一金金融債10+","08/26","46.3","46.35","46.3","100","46.61↘","46.76↘","47.28↘","46.49↗"
"00836B","永豐10年A公司債","08/26","44.71","44.79","44.68","116","44.99↘","45.15↘","45.9↘","44.93↗"
"00838B","永豐7-10年中國債","08/26","37.92","37.92","37.92","101","38↘","37.99↗","37.82↗","37.91↘"
"00839B","凱基醫療保健債","08/26","45.73","45.73","45.73","100","45.99↘","46.33↘","47.13↘","46.16↗"
"00840B","凱基IG精選15+","08/26","44","44","44","100","44.33↘","44.59↘","45.45↘","44.6↗"
"00841B","凱基AAA-AA公司債","08/26","44.34","44.34","44.34","100","44.65↘","44.87↘","45.8↘","45.11↗"
"00842B","台新美元銀行債","08/26","43.99","44","43.99","102","44.37↘","44.52↘","45.08↘","44.32↗"
"00843B","台新中國政策債","08/26","38.05","38.05","38.05","100","38.09↘","38.07↗","37.9↗","38.16↘"
"00844B","新光15年IG金融債","08/26","43.75","43.75","43.75","2","44.01↘","44.27↘","44.86↘","43.99↗"
"00845B","富邦新興投等債","08/26","39.29","39.33","39.29","203","39.32↘","39.49↘","39.65↗","38.69↗"
"00846B","富邦歐洲銀行債","08/26","40.6","40.65","40.6","201","40.63→","40.69↘","40.8↗","40.36↗"
"00847B","中信美國市政債","08/26","39.32","39.38","39.31","234","39.43↗","39.42↘","39.76↘","39.09↗"
"00848B","中信新興亞洲債","08/26","40.82","40.85","40.82","211","40.88↗","40.96↘","41.03↗","40.19↗"
"00849B","中信EM主權債0-5","08/26","38.81","38.81","38.8","210","38.82↗","38.82↘","38.8↗","38.85↘"
"00853B","統一美債10年Aa-A","08/26","39.7","39.7","39.7","0","39.62↗","39.78↘","40.32↘","39.61↗"
"00854B","富邦全球保險債","08/26","42.61","42.7","42.6","121","42.94↘","43.04↘","43.56↘","42.55↗"
"00855B","富邦全球能源債","08/26","38.94","39.13","38.94","167","39.33↘","39.47↘","40.07↘","39.3↗"
"00856B","永豐1-3年美公債","08/26","38.69","38.69","38.68","101","38.72↘","38.74↘","38.74↘","38.91↘"
"00857B","永豐20年美公債","08/26","43.67","43.67","43.66","101","44.01↘","43.96↘","44.61↘","44.14↘"
="00858","永豐美國500大","08/26","23.16","23.16","23.13","118","22.92↗","22.81↗","22.42↗","21.58↗"
"00859B","群益0-1年美債","08/26","38.18","38.32","38.18","110","38.19↘","38.22↘","38.2↗","38.43↘"
"00860B","群益1-5年IG債","08/26","39.38","39.48","39.38","138","39.42↘","39.49↘","39.55↘","39.56↘"
"00862B","中信投資級公司債","08/26","42.23","42.5","42.23","246","42.5↘","42.6↘","43.04↘","42.16↗"
"00863B","中信全球電信債","08/26","42.79","42.86","42.79","211","43.11↘","43.21↘","43.83↘","43.37↗"
"00864B","中信美國公債0-1","08/26","38.67","38.67","38.61","211","38.74↘","38.75↘","38.71↗","38.9↘"
"00867B","新光A-BBB電信債","08/26","42.79","42.85","42.79","102","42.98↘","43.26↘","43.96↘","43.38↗"
"00868B","FT1-3年美公債","08/26","39.14","39.14","39.14","100","39.17↘","39.18↘","39.19↘","39.61↘"
"00869B","FT10-25年公司債","08/26","40.77","40.77","40.77","100","41.11↘","41.2↘","41.65↘","41.28↗"
"00870B","元大15年EM主權債","08/26","43.29","43.33","43.28","724","43.52↘","43.69↘","43.85↗","42.13↗"
"00871B","元大中國政金債","08/26","38.96","39.06","38.96","352","39.08↘","39.08↘","38.89↗","38.79↘"
"00872B","凱基美債1-3","08/26","39.72","39.72","39.72","100","39.75↗","39.75↘","39.74↗","39.98↘"
"00873B","凱基新興債1-5","08/26","39.16","39.16","39.16","100","39.16↘","39.19↘","39.14↗","39.06↘"
"00874B","凱基BBB公司債15+","08/26","40.3","40.31","40.3","110","40.48↘","40.61↘","41.09↘","40.32↗"
="00877","FH中國5G","08/26","14.66","14.85","14.57","6,019","14.61↗","14.64↗","14.73↗",""
"00879B","第一金美債0-1","08/26","39.5","39.5","39.4","132","39.52↘","","",""
"00880B","第一金電信債15+","08/26","39.29","39.5","39.22","104","39.32↘","","",""
="020001","富邦存股雙十N","08/26","5.39","5.41","5.37","18","5.38↘","5.46↘","5.46↗","5.36↗"
="020003","統一漲升股利150N","08/26","11.47","11.47","11.46","27","11.36↘","11.49↘","11.51↗","11.06↗"
="020009","群益A50綠碳N","08/26","22.68","22.68","22.68","0","22.56↘","22.46↗","22.15↗","21.25↗"
="020010","永昌富櫃200N","08/26","12.58","12.58","12.55","28","12.19↗","12.33↗","12.37↗","12.09↗"
="020013","元富亞洲高股息N","08/26","13.8","13.8","13.8","0","13.76↘","13.81↗","13.7↗","13.33↗"
="020014","元大富櫃200N","08/26","5.81","5.81","5.74","55","5.63↗","5.68↗","5.7↗","5.58↗"
="020017","永豐富櫃200N","08/26","5.66","5.66","5.61","70","5.48↗","5.55↗","5.57↗",""
="1240","茂生農經","08/26","58.9","59","58.5","117","58.24↘","59.05↘","60.1↗","58.76↗"
="1258","其祥-KY","08/26","13.7","14.55","13.45","37","13.66↘","13.82↘","13.3↗","12.36↗"
="1259","安心","08/26","67.4","67.4","67.4","0.0","67.28↘","67.68↘","67.5↗","68.8↘"
="1264","德麥","08/26","219","219","218","22","218.6→","218.8↗","217.5↗","219→"
="1268","漢來美食","08/26","130.5","132","130.5","14","133.9↘","135.8↘","137.4↘","136.2↘"
="1336","台翰","08/26","16.3","16.4","16.2","932","16.13↗","16.01↗","15.68↗","15.79↗"
="1565","精華","08/26","296","296","291","263","289.8↗","288.7↗","298.6↘","333.8↘"
="1569","濱川","08/26","30.65","31.7","30.3","3,293","30.19↗","30.68↗","28.44↗","26.67↗"
="1570","力肯","08/26","13.3","13.3","13.2","56","13.15↗","13.26↘","13.23↗","13.51↘"
="1580","新麥","08/26","78.9","78.9","77.9","111","78.1↘","79.05↘","79.6↗","83.67↘"
="1584","精剛","08/26","8.13","8.13","8.06","80","8.07↗","8.01↗","7.85↗","7.77↗"
="1586","和勤","08/26","46.1","46.95","46","1,868","45.82↗","43.9↗","41.53↗","39.47↗"
="1591","駿吉-KY","08/26","18.1","18.2","17.9","44","17.89↗","17.93↘","18.95↘","20.78↘"
="1593","祺驊","08/26","59.2","60.4","58.5","194","59.08↘","58.87↗","56.3↗","56.43↗"
="1595","川寶","08/26","32.15","32.15","31.9","9","32.06↘","32.65↘","33.43↘","34.84↘"
="1597","直得","08/26","75.8","76.3","74","331","73.32↘","76.72↘","80.06↘","87.87↘"
="1599","宏佳騰","08/26","31.6","31.65","31.6","45","31.43↗","31.48↗","31.44↗","31.06↗"
="1742","台蠟","08/26","21.45","21.55","21.1","127","21.22↗","21.27↗","21.03↗","21.5↘"
="1752","南光","08/26","44.4","44.9","44.3","506","44.22↗","43.35↗","43.5↗","46.39↗"
="1777","生泰","08/26","81.3","81.7","81.1","35","81.32↘","82.63↘","83.12↗","86.34↘"
="1781","合世","08/26","34.3","34.5","31.2","892","33.04↘","34.9↘","35.18↗","31.85↗"
="1784","訊聯","08/26","42.35","42.8","41","847","40.19↗","40.71↗","42.01↗","42.35↗"
="1785","光洋科","08/26","40.55","41.2","39.75","6,931","39.33↗","39.95↘","41.84↘","40.78↗"
="1788","杏昌","08/26","112","112","111","48","110.3↗","110.2↗","108.8↗","109.9↗"
="1796","金穎生技","08/26","23.35","23.35","23.35","1","23.16↗","23.52↘","23.7↘","24.45↗"
="1799","易威","08/26","20.95","21.3","20.2","393","20.58↘","21.54↘","23.16↘","23.41↗"
="1813","寶利徠","08/26","19.95","20.15","19.6","31","19.9↘","20.1↘","20.31↘","21.72↘"
="1815","富喬","08/26","10","10.1","9.98","886","9.99↘","10.14↘","10.2↘","10.48↗"
="2035","唐榮","08/26","38.05","38.05","38.05","0","38.41↘","38.58↘","38.56↗","38.71↘"
="2061","風青","08/26","9","9","8.89","3","8.94→","8.93↗","8.64↗","8.41↗"
="2063","世鎧","08/26","31.5","31.5","31.3","9","31.38↗","31.47↘","31.63↘","32.52↘"
="2064","晉椿","08/26","11.5","11.5","11.5","0.0","11.42↗","11.34↗","11.35↗","11.27↗"
="2065","世豐","08/26","57.5","57.5","56.4","397","56.3↗","56.35↗","55.27↗","55.68↘"
="2066","世德","08/26","50.7","51.5","50.7","121","49.93→","50.34↗","49.94↗","52.79↘"
="2067","嘉鋼","08/26","8.65","8.79","8.61","9","8.7↘","8.72↗","8.76↘","8.8↘"
="2070","精湛","08/26","26.2","26.5","26","45","26.61↘","27.38↘","28.53↘","30.3↘"
="2221","大甲","08/26","23.75","23.8","23.6","17","23.59↘","23.75↘","24.44↘","25.47↘"
="2230","泰茂","08/26","12.25","12.5","12.25","98","12.43↘","12.15↗","12.12↗","12.23↗"
="2235","謚源","08/26","42.7","43.15","42.5","15","43.04↘","43.77↘","44.27↘","47.44↘"
="2596","綠意","08/26","21.25","21.25","21.05","47","21.15↘","21.16↗","21.23↗","21.39↗"
="2640","大車隊","08/26","89.8","90.2","86.1","228","90.12↗","89.44↗","89.48↘","85.32↗"
="2641","正德","08/26","8.06","8.15","7.48","14,103","7.42↗","7.42↗","6.96↗","6.74↗"
="2643","捷迅","08/26","48.7","48.85","48.5","120","49.03↘","49.93↘","50.02↗","50.38↗"
="2718","晶悅","08/26","20","20","20","0","19.9→","19.8↗","19.84↗","18.9↗"
="2719","燦星旅","08/26","11.1","11.1","11.1","2","11.32↘","12.22↘","13.37↘","15.31↘"
="2724","富驛-KY","08/26","3.2","3.2","3.2","0","3.16↗","3.14↗","3.15↘","3.38↘"
="2726","雅茗-KY","08/26","62","62","61.4","32","61.98↘","63.24↘","64.62↘","64.54↗"
="2729","瓦城","08/26","221","221","220","7","220.4→","222.3↘","225.4↘","241.6↘"
="2732","六角","08/26","125.5","127","123.5","172","122.5↘","125.4↗","126.7↗","141.9↘"
="2734","易飛網","08/26","11","11.1","10.6","19","11.24↘","11.42↘","11.61↘","13.15↘"
="2736","高野","08/26","13.55","14.2","13.4","172","13.31↗","13.3↗","13.59↗","14.81↘"
="2740","天蔥","08/26","18.8","18.8","18.15","3","18.32↘","18.34↗","18.59↘","21.06↗"
="2743","山富","08/26","14.9","15","14.7","44","14.62↗","14.56↗","14.62↗","15.95↘"
="2745","五福","08/26","15.1","15.2","15.1","12","14.85↗","15.08↘","15.38↘","17.81↘"
="2752","豆府","08/26","166","168.5","165.5","55","167.8↘","168↗","166↗","156.5↗"
="2916","滿心","08/26","15.85","15.9","15.85","15","15.79↘","15.82↗","15.84↗","16.16↘"
="2924","東凌-KY","08/26","18.85","18.85","18.8","3","18.86→","18.89↗","18.89↘","19.06↘"
="2926","誠品生活","08/26","70.5","72","70.1","20","72.8↘","75.12↘","76.89↘","83.47↘"
="2928","紅馬-KY","08/26","29","29.1","29","35","29.79↘","32.07↘","34.44↘","40.69↘"
="2937","集雅社","08/26","35","35","34.4","57","34.16↗","34.06↗","33↗","32.42↗"
="3064","泰偉","08/26","13.6","13.6","13.6","252","12.69↘","14.81↘","17.48↘","18.29↗"
="3066","李洲","08/26","6.2","6.38","6.2","7","6.27↘","6.28↗","6.2→","6.04↗"
="3067","全域","08/26","25.6","25.65","25","15","25.69↗","25.57↗","25.7↗","25.86↘"
="3071","協禧","08/26","24.75","24.75","23.6","2,953","23.54↗","23↗","21.52↗","21.19↗"
="3078","僑威","08/26","38.55","38.95","36.25","18,643","34.92↗","34.04↗","32.53↗","29.99↗"
="3081","聯亞","08/26","246","254.5","243","2,772","240.4↘","257.1↘","265↘","278.5↘"
="3083","網龍","08/26","52.3","53.4","51.7","1,637","51.48↘","55.71↘","60.36↘","77.7↘"
="3085","新零售","08/26","5.7","5.7","5.7","0.7","5.8↘","5.75↗","6.2↘","4.8↗"
="3086","華義","08/26","17.9","17.9","17.9","1","18.11↘","18.21↘","18.05↗","18.2↗"
="3088","艾訊","08/26","53.2","53.3","53","60","52.76↗","52.85↗","53.66↘","55.55↘"
="3089","元炬","08/26","22.2","22.2","21.15","23","22.12↘","22.42↘","22.82↘","22.2↗"
="3092","鴻碩","08/26","42.65","43","42.55","470","42.34↗","42.33↗","42.41↗","42.42↗"
="3093","港建","08/26","34.75","34.9","33.95","111","33.68↗","33.4↗","30.95↗","29.76↗"
="3095","及成","08/26","2.01","2.06","1.93","230","2.03↘","2.12↘","2.2↘","2.07↗"
="3105","穩懋","08/26","290.5","292","280.5","11,486","274.3↗","284↘","295.5↘","299.4↗"
="3114","好德","08/26","19.75","19.8","19.5","89","19.06↗","19.29↘","19.85↘","21.65↘"
="3115","寶島極","08/26","12.4","12.85","12.35","27","12.78↘","13.09↘","13.42↘","13.74↘"
="3118","進階","08/26","31.75","31.8","31.25","74","31.17↘","31.6↘","31.9↗","33.89↘"
="3122","笙泉","08/26","10.8","10.9","10.7","85","10.72↘","10.86↘","11.11↘","11.18↘"
="3128","昇銳","08/26","13.2","13.25","13.1","43","13.08↘","13.26↗","13.05↗","12.98↗"
="3131","弘塑","08/26","351","351","320.5","1,949","317.6↗","326.6↗","352.2↘","310.8↗"
="3141","晶宏","08/26","28.25","28.5","27.1","1,723","26.04↗","25.7↗","25.34↗","24.72↗"
="3144","新揚科","08/26","26.6","26.7","26.2","234","26.04↘","26.62↘","27.03↗","25.99↗"
="3147","大綜","08/26","34.8","35","34.4","24","33.81↗","34.2↗","34.61↘","34.9↗"
="3152","璟德","08/26","348","352","336","791","337.1↘","354.6↘","380.1↘","382.8↗"
="3162","精確","08/26","10.75","10.75","10.3","19","10.16↗","10.12↗","10.14↗","9.8↗"
="3163","波若威","08/26","65.1","65.9","64.5","1,529","64.02↘","66.19↘","67.24↗","57.93↗"
="3169","亞信","08/26","39.1","39.15","35","738","35.78↗","35.6↗","34.84↗","36.43↗"
="3171","新洲","08/26","21.7","21.85","21.7","23","21.77↘","21.69↗","22.01↗","22.98↗"
="3176","基亞","08/26","72.8","73.9","69.1","1,969","69.66↗","70.48↘","73.89↘","76.73↗"
="3178","公準","08/26","52.5","53.8","51.5","617","50.37↗","51.96↘","52.72↗","55.68↘"
="3188","鑫龍騰","08/26","13.75","13.85","13.7","31","13.74↘","13.77↗","13.85↘","14.16→"
="3191","和進","08/26","37.85","38.75","37.6","144","38.55↘","39.17↘","39.59↘","43.79↘"
="3202","樺晟","08/26","19.1","19.35","18.95","2,727","18.33↗","18.36↗","18.42↗","18.69↗"
="3205","佰研","08/26","39.4","39.4","38.8","37","38.93↘","39.26↘","39.78↗","41.53↘"
="3206","志豐","08/26","30.1","30.1","29.95","494","29.76↗","30.04↗","29.15↗","28.86↗"
="3207","耀勝","08/26","11","11.2","11","14","11.11↘","11.29↘","11.26↘","11.54↘"
="3211","順達","08/26","80.8","81.2","80.3","474","80.16↗","80.91↘","81.9↗","80.07↘"
="3213","茂訊","08/26","45.15","45.2","44.6","84","44.91↘","45.56↘","45.32↗","47.27↘"
="3217","優群","08/26","126","132","122.5","5,532","117.4↗","118.4↗","118.7↗","115.2↗"
="3218","大學光","08/26","245.5","245.5","236.5","523","239.1↘","231.6↗","204.5↗","179.7↗"
="3219","倚強股份","08/26","22.8","22.8","22.8","2","18.75↗","18.35↗","17.62↗","16.72↗"
="3221","台嘉碩","08/26","24.75","24.9","24.55","379","24.14↘","24.98↘","26.23↘","24.27↗"
="3224","三顧","08/26","53.5","53.7","53","92","52.88→","52.95↘","53.19↗","53.7↗"
="3226","至寶電","08/26","51.6","51.9","51.6","24","53.34↘","53.99↘","53.97↘","53.77↘"
="3227","原相","08/26","178","182","177.5","7,179","171.9↗","178.2↘","188.8↘","186.3↗"
="3228","金麗科","08/26","63.5","63.8","60.5","1,342","59.56↗","61.49↘","61.08↗","56.32↗"
="3230","錦明","08/26","6.2","6.31","6.1","51","6.17↘","6.34↘","6.56↘","6.22↗"
="3232","昱捷","08/26","18.15","18.65","18","280","17.28↗","16.87↗","16.76↗","18.02↘"
="3234","光環","08/26","43.45","43.75","42.1","2,001","41.89↘","44.36↘","44.74↗","44.82↗"
="3236","千如","08/26","22.15","22.15","21.7","308","21.84↘","22.45↘","22.16↗","19.99↗"
="3252","海灣","08/26","15.95","16.05","15.85","25","15.94↘","16.28↘","16.67↘","17.04↘"
="3259","鑫創","08/26","17.6","17.7","17.4","59","17.75↗","17.36↗","16.65↗","15.51↗"
="3260","威剛","08/26","52.9","53.4","52.7","1,778","51.9↘","53.65↘","56.25↘","58.01↘"
="3264","欣銓","08/26","33","33.5","32.85","4,008","32.55↘","33.46↘","34.23↗","32.05↗"
="3265","台星科","08/26","23.35","23.35","23.1","103","23.2↘","23.53↘","23.76↘","24.41↘"
="3268","海德威","08/26","14","14.15","14","38","14↘","14.32↘","14.49↘","13.03↗"
="3272","東碩","08/26","64","64.8","60","4,101","59.88↗","52.54↗","42.17↗","29.99↗"
="3276","宇環","08/26","8.97","9.06","8.82","36","9.08↘","9.44↘","9.93↘","9.49↗"
="3284","太普高","08/26","10.9","11","10.9","16","10.93↗","10.8↘","11.51↘","12.22↘"
="3285","微端","08/26","16.5","16.5","16.3","65","16.28↘","16.74↘","16.99↘","15.79↗"
="3287","廣寰科","08/26","19.7","19.7","17.85","1,770","17.78↗","17.4↗","17.74↗","13.72↗"
="3288","點晶","08/26","9.79","10.35","9.6","49","9.86↘","9.9↘","10.06↘","9.92↗"
="3289","宜特","08/26","60.7","61.7","59","1,633","58.66↗","60.58↘","64.92↘","62.21↗"
="3290","東浦","08/26","13.4","13.6","13.4","62","13.46↘","13.48↗","13.57↘","13.84↗"
="3293","鈊象","08/26","910","955","890","4,068","850.8↗","810.4↗","779.9↗","733.5↗"
="3294","英濟","08/26","15","15.3","14.85","257","15.13↗","14.63↗","14.19↗","13.82↗"
="3297","杭特","08/26","12.1","12.2","11.9","27","11.99↘","12.23↘","12.33↘","12.47↗"
="3303","岱稜","08/26","23","23.25","22.9","155","22.89↘","23.08↘","22.85↗","23.32↘"
="3306","鼎天","08/26","18","18","18","12","17.87↘","18.08↘","18.11↘","18.28↗"
="3310","佳穎","08/26","28.35","28.4","28.25","62","28.26↗","27.95↗","27.53↗","28.49↘"
="3313","斐成","08/26","12.85","13.05","12.75","38","13.08↘","13.16↘","13.34↘","14.2↘"
="3317","尼克森","08/26","37","37.15","35.25","2,214","35.22↗","35.18↗","35.44↗","37.59↘"
="3322","建舜電","08/26","7.42","7.44","7.34","104","7.34↗","7.35↗","7.24↗","7.15↗"
="3323","加百裕","08/26","42.7","44.2","42","7,187","40.31↗","40.61↗","39.31↗","34.63↗"
="3324","雙鴻","08/26","224","231.5","223.5","3,284","223↘","228.6↘","228.3↗","198.4↗"
="3325","旭品","08/26","36.4","36.4","33.35","10,703","31.68↗","30↗","28.59↗","25.5↗"
="3332","幸康","08/26","31.35","32","31.35","7","30.99↘","31.28↗","30.76↗","30.26↗"
="3339","泰谷","08/26","4.2","4.3","3.73","101","4↗","4.01↗","3.96↗","3.58↗"
="3354","律勝","08/26","12","12.2","12","31","11.86↘","12.14↘","12.68↘","12.54↘"
="3360","尚立","08/26","15.4","15.45","15.2","150","15.33↘","15.48↗","15.61↗","16.06↘"
="3362","先進光","08/26","33.8","34.45","33.4","186","33.23↗","34.09↘","34.69↘","36.92↘"
="3363","上詮","08/26","29.15","29.7","29.1","830","28.55↘","29.84↘","28.35↗","27.15↗"
="3372","典範","08/26","8.7","8.7","8.42","120","8.59↗","8.58↗","8.62↗","8.86↘"
="3373","熱映","08/26","112","113.5","108.5","3,463","107.4↗","109.6↘","109.7↗","122.9↘"
="3374","精材","08/26","122","124.5","118.5","25,300","112.8↗","116.3↘","121.5↗","112↗"
="3379","彬台","08/26","11.3","11.45","11.25","156","11.47↘","11.46↗","10.53↗","9.36↗"
="3388","崇越電","08/26","62.9","63.1","62.9","42","63.2↘","63.44↘","63.39↗","64.17↘"
="3390","旭軟","08/26","14.15","14.25","14.15","39","14.2↘","14.65↘","14.99↘","15.45↘"
="3402","漢科","08/26","27.75","27.9","27.2","321","27.09↗","27.13↗","27.45↘","28.53↗"
="3426","台興","08/26","36.5","36.7","36","46","37.95↘","38.37↘","38.8↘","38.05↗"
="3434","哲固","08/26","12.45","12.55","12.3","9","12.42↗","12.48↘","12.58↘","11.83↗"
="3438","類比科","08/26","31.05","31.6","30.3","175","29.88↗","30.68↘","31.04↗","32.48↘"
="3441","聯一光","08/26","25.95","26.5","25.5","58","25.94↘","26.36↘","26.72↘","27.54↗"
="3444","利機","08/26","36.1","36.15","34.65","160","35.1↗","35.82↘","36.78↗","38.72↘"
="3455","由田","08/26","51.1","51.7","50.8","110","50.12↗","50.32↘","50.63↗","49.64↗"
="3465","進泰電子","08/26","94","96.5","92","86","89.82↗","90.15↗","82.5↗","70.83↗"
="3466","致振","08/26","13.3","13.35","12.95","49","13.1↗","13.29↘","13.27↗","14.12↘"
="3479","安勤","08/26","57.7","58.2","57.1","456","54.86↗","54.45↗","55.6↗","61.49↘"
="3483","力致","08/26","90.7","95.8","90.1","11,912","86.14↗","86.78↗","83.62↗","72.47↗"
="3484","崧騰","08/26","37.45","37.5","36.25","2,167","35.61↗","34.81↗","32.4↗","28.12↗"
="3489","森寶","08/26","13.55","13.75","13.35","553","13.1↘","13.56↘","13.58↗","11.82↗"
="3490","單井","08/26","23.85","24.55","23.85","874","23.85↘","23.71↗","22.46↗","21.14↗"
="3491","昇達科","08/26","77.8","78.1","77.5","151","76.38↗","77.78↘","79.64↗","81.45↗"
="3492","長盛","08/26","15.45","15.7","15.45","73","15.54↘","15.77↘","15.86↗","16.29↘"
="3498","陽程","08/26","35.25","35.8","34.4","456","34.01↘","35.39↗","34.64↗","34.1↗"
="3499","環天科","08/26","10.4","10.4","10.3","46","10.24↗","10.31↘","10.58↘","11.31↘"
="3508","位速","08/26","16.25","16.25","16","119","16.17↘","16.6↘","16.83↘","18.41↘"
="3511","矽瑪","08/26","24.3","24.45","24.15","300","23.51↘","23.92↗","23.71↗","25.42↘"
="3512","皇龍","08/26","28.85","28.9","28.75","22","28.62↘","29.18↘","28.07↗","28.65↘"
="3516","亞帝歐","08/26","13.95","14.55","13.75","391","13.73↗","13.43↗","12.53↗","11.81↗"
="3520","華盈","08/26","18.4","18.4","16.65","304","17.1↗","17.63↗","18.21↗","16.32↗"
="3521","鴻翊","08/26","10.75","10.75","10.6","27","10.68↘","10.88↘","11.29↘","11.56↘"
="3522","御頂","08/26","10.9","11.35","10.85","113","11.12↘","10.82↗","10.05↗","11.14↘"
="3523","迎輝","08/26","17.1","17.1","16.4","90","16.57↗","16.76↗","16.6↗","14.63↗"
="3526","凡甲","08/26","87.5","88.3","87.1","647","86.36↘","88.16↘","89.15↗","92↘"
="3527","聚積","08/26","87.6","88.3","87","106","85.56↘","87.92↘","90.22↘","91.99↗"
="3529","力旺","08/26","573","577","563","556","567.2→","579.8↘","574.1↗","512.7↗"
="3531","先益","08/26","21.35","21.8","21.3","18","21.34↘","21.4↗","21.53↘","22.88↘"
="3537","堡達","08/26","34.25","34.25","33.4","389","33.38↗","33.44↗","33.69↗","37.48↘"
="3540","曜越","08/26","86.5","88.3","82.2","20,006","81.52↗","76.24↗","71.03↗","51.37↗"
="3541","西柏","08/26","61.4","62.8","61.3","147","61.72↘","62.86↘","67.76↘","74.65↘"
="3546","宇峻","08/26","78.2","78.8","77.9","220","76.04↗","77.3↘","78.65↗","86.71↘"
="3548","兆利","08/26","65.7","67.1","65.3","1,480","63.82↗","63.53↗","63.27↗","63.89↗"
="3551","世禾","08/26","51.7","51.7","49.25","960","48.31↗","49.26↗","50.24↗","50.59↗"
="3552","同致","08/26","98.3","102","96","13,337","93.16↗","97.17↗","92.71↗","71.82↗"
="3555","重鵬","08/26","34.55","34.55","33.7","3","34.41↗","34↗","33.13↗","32.02↗"
="3556","禾瑞亞","08/26","56.5","57.6","55.1","556","54.16↗","54.97↗","56.05↗","61.29↘"
="3558","神準","08/26","92.9","93.2","92.8","39","92.1↘","94.16↘","96.2↘","103.2↘"
="3564","其陽","08/26","25.15","25.2","24.4","22","24.7↗","24.82↗","25.78↘","27.05↘"
="3567","逸昌","08/26","25.1","25.2","25.05","25","24.96→","25.06↘","25.06↗","25.8↗"
="3570","大塚","08/26","87.4","87.8","86.8","30","87.06↘","88.57↘","90.38↘","94.38↘"
="3577","泓格","08/26","30.8","30.95","30.2","55","30.57→","30.63↗","30.96↘","30.97↗"
="3580","友威科","08/26","24.6","25","23.8","714","23.4↗","23.28↗","23.4↗","24.01↗"
="3581","博磊","08/26","19.6","20.2","19.6","484","20.11↘","20.34↗","18.02↗","16.08↗"
="3587","閎康","08/26","86.6","89.2","86","775","83.76↘","86.12↘","89.41↘","85.42↗"
="3594","磐儀","08/26","24.85","25","24.65","464","24.12↗","23.4↗","23.21↗","22.78↗"
="3597","映興","08/26","17.3","17.65","16.95","56","17.18↗","17.1↗","16.86↗","16.63↗"
="3609","東林","08/26","24.5","25.4","24.15","211","25.34↘","25.35↘","26.78↘","28.08↘"
="3611","鼎翰","08/26","174.5","178","173","53","171.4↗","173.1↘","174.2↗","185.6↘"
="3615","安可","08/26","17.2","17.45","17.15","207","16.96↘","17.46↘","17.47↗","16.46↗"
="3623","富晶通","08/26","15","15.15","15","16","15↘","15.22↘","15.45↗","15.48↘"
="3624","光頡","08/26","24.9","25.1","24.4","603","24.03↗","24.44↗","24.52↗","25.67↘"
="3625","西勝","08/26","15.2","15.2","14.85","279","14.88↘","15↗","14.72↗","15.03↘"
="3628","盈正","08/26","34.25","35","34.2","36","33.85↘","34.33↘","34.66↘","34.59↗"
="3629","地心引力","08/26","83.8","83.8","83.8","0","84.12↗","81.29↗","71.53↗","64.56↗"
="3630","新鉅科","08/26","41.9","42.4","41.8","646","41.88↘","43.26↘","44.3↘","48.7↘"
="3631","晟楠","08/26","42.4","42.9","41","26","42.61↘","43.13↗","40.78↗","43.36↘"
="3632","研勤","08/26","9.06","9.2","9.05","21","8.93↗","9.78↘","11.27↘","11.01↘"
="3642","駿熠電","08/26","15","15.6","15","34","15.28↘","15.29↘","15.58↘","16.44↘"
="3646","艾恩特","08/26","16.8","17","16.3","77","17.11↘","17.32↘","17↗","16.62↗"
="3652","精聯","08/26","19","19.05","19","12","18.74↘","19.27↘","20.46↘","19.09↗"
="3663","鑫科","08/26","18.45","18.7","18.4","79","18.98↘","19.21↘","19.2↘","19.13↘"
="3664","安瑞-KY","08/26","11","11.15","10.8","39","10.81↘","11.21↘","11.36↘","11.76↘"
="3666","光耀","08/26","24.1","24.8","23.3","1,902","22.3↗","22.56↗","21.39↗","17.82↗"
="3672","康聯訊","08/26","18","18.1","18","28","17.95↘","18.23↘","18.56↗","15.27↗"
="3675","德微","08/26","70.2","71.1","70","326","67.44↗","68.02↗","70↗","71.82↗"
="3680","家登","08/26","275","280","258.5","5,446","250.9↗","254.8↗","271.4↗","264.9↗"
="3684","榮昌","08/26","35.55","35.65","35.5","9","35.36↘","35.8↘","36.58↘","37.45↗"
="3685","元創精密","08/26","18.45","18.45","18","17","18.11↗","18.6↘","18.93↘","19.68↘"
="3687","歐買尬","08/26","53.5","54.9","53.2","259","51.75↗","52.26↗","52.92↗","57.54↘"
="3689","湧德","08/26","38.35","38.85","37.5","1,685","36.56↗","36.38↗","34.9↗","30.09↗"
="3691","碩禾","08/26","107","107","102.5","684","104↘","109.1↘","107.9↗","100.8↗"
="3693","營邦","08/26","63.1","67.5","63.1","743","59.84↗","60.05↗","63.11↗","68.27↗"
="3707","漢磊","08/26","27.1","27.2","26.55","3,336","26.89↘","28.41↘","29.63↘","28.54↘"
="3709","鑫聯大投控","08/26","22.3","22.45","22.1","189","21.69↗","21.42↗","20.92↗","20.7↗"
="3710","連展投控","08/26","8.85","9.08","8.7","2,149","8.64↘","8.74↗","8.63↗","8.23↗"
="3713","新晶投控","08/26","72","72.5","67","1,748","65.42↗","63.63↗","61.82↗","45.74↗"
="4102","永日","08/26","31.4","31.95","30.8","581","31.06↘","31.88↘","32.8↗","31.75↗"
="4105","東洋","08/26","67","67.3","66.5","924","66.52↘","67.7↘","68.9↘","73.56↘"
="4107","邦特","08/26","141.5","142.5","139","319","141.5↗","141↘","149↘","149.4↗"
="4109","加捷生醫","08/26","14.8","15.3","14.6","223","14.49↗","14.39↘","15.03↘","16.22↘"
="4111","濟生","08/26","25.3","25.3","24.5","180","24.83↘","25.88↘","26.42↘","27.78↘"
="4113","聯上","08/26","15.4","15.6","15.4","932","15.16↗","15.24↗","15.26↗","14.74↗"
="4114","健喬","08/26","26.7","27","26.55","1,805","26.61↘","26.78↘","26.14↗","25.3↗"
="4116","明基醫","08/26","31.8","31.8","31","40","31.24↘","31.96↘","32.44↘","34.27↘"
="4120","友華","08/26","54.5","55.3","53.9","323","54.28↘","54.94→","55.4↗","53.23↗"
="4121","優盛","08/26","19.85","20.2","19.2","1,132","19.32↘","19.76↘","19.67↗","20.16↗"
="4123","晟德","08/26","76.6","76.6","74.3","8,963","74.32↗","73.27↗","73.77↗","76.26↗"
="4126","太醫","08/26","74","74.9","73.8","748","75↘","76.3↘","79.79↘","84.14↘"
="4127","天良","08/26","12.6","12.7","12.2","176","12.38↘","12.93↘","13.93↘","14.03↗"
="4128","中天","08/26","90","91.5","84","8,445","87.02↘","88↗","85.11↗","76.44↗"
="4129","聯合","08/26","35.35","35.6","35.2","128","34.66↗","34.23↗","34.15↗","35.38↗"
"4129A","聯合甲特","08/26","47.35","47.45","47.35","88","47.23↗","47.22↗","47.19↘","48.24↘"
="4130","健亞","08/26","34.7","35.45","33.75","1,587","35↘","36.3↘","37.76↘","37.36↗"
="4131","晶宇","08/26","10.3","10.3","10.15","81","10.27↗","10.3↘","10.62↗","9.2↗"
="4138","曜亞","08/26","46.55","46.6","46.5","29","46.35↘","46.73↘","47.64↘","50.46↘"
="4139","馬光-KY","08/26","57.8","57.9","57.5","55","56.28↗","54.48↗","51.6↗","54.09↗"
="4147","中裕","08/26","111.5","111.5","105.5","7,160","101.5↗","97.86↗","92.34↗","91.75↗"
="4152","台微體","08/26","69.3","71","68.7","289","69.02↘","70.42↘","73.98↘","82.1↘"
="4153","鈺緯","08/26","22.25","22.4","21.5","46","21.89↘","22.22↘","23.15↘","27.48↘"
="4154","康樂-KY","08/26","32.2","32.45","32.2","3","32.09↗","32.07↘","32.28↗","33.21↘"
="4157","太景*-KY","08/26","23.9","24.4","23.4","3,381","24.26↘","24.08↘","24.09↗","24.32↗"
="4160","創源","08/26","26.75","26.85","26.5","45","26.71↘","27.7↘","28.04↘","29.77↘"
="4161","聿新科","08/26","26.3","26.5","26.05","44","25.95↘","26.58↘","27.43↘","30.53↘"
="4162","智擎","08/26","70.4","71.3","68.3","1,046","68.48↘","69.49↘","71.89↗","75.58↗"
="4163","鐿鈦","08/26","121.5","122","120.5","246","119↗","118.8↗","116.7↗","124↘"
="4167","展旺","08/26","33.25","33.4","32.15","3,376","32.41↘","32.7↘","33.66↗","35.19↗"
="4168","醣聯","08/26","30.45","30.45","29.4","2,156","27.9↗","28.27↗","29.08↗","30.5↗"
="4171","瑞基","08/26","206.5","222.5","206","854","214.1↘","205.4↗","218.2↘","305.6↘"
="4173","久裕","08/26","22.75","22.9","22.65","347","22.65↘","23.07↘","23.34↗","23.22↗"
="4174","浩鼎","08/26","124","124","115.5","1,684","115.2↗","115.9↗","116.4↗","118.8↗"
="4175","杏一","08/26","70.9","70.9","69.8","74","69.62↗","69.44↗","71.05↘","73.6↘"
="4183","福永生技","08/26","24","24.5","23.2","298","22.55↗","21.7↗","21.72↗","21.8↗"
="4188","安克","08/26","20.2","20.5","20","124","20.16↘","20.14↘","21.55↘","24.4↘"
="4192","杏國","08/26","82.3","82.3","74.2","897","77.56↗","78.32↘","79.08↗","76.3↗"
="4198","環瑞醫","08/26","5.04","5.06","4.79","98","4.92↗","4.91↗","5.1↗","4.98↗"
="4205","中華食","08/26","90","90","89.8","23","89.76↗","89.8↗","89.35↗","89.78↗"
="4207","環泰","08/26","11.4","11.45","11.35","97","11.42↘","11.47↗","11.3↗","11.14↗"
="4303","信立","08/26","20.05","20.2","20.05","10","20.1↘","20.26↘","20.58↘","20.69↗"
="4304","勝昱","08/26","4.69","4.69","4.69","0.0","4.57↘","4.67↘","4.76↘","4.86↘"
="4305","世坤","08/26","32.6","32.85","32.6","5","32.7↘","32.86↘","33.08↘","34.07↘"
="4401","東隆興","08/26","27.05","27.2","26.9","131","26.73↘","26.97↘","26.96↗","27.27→"
="4402","福大","08/26","5.55","5.64","5.33","73","5.7↘","5.51↗","5.27↗","5.52↗"
="4406","新昕纖","08/26","8.44","8.44","8.4","17","8.63↘","8.67↘","8.79↘","8.84↘"
="4413","飛寶企業","08/26","21.7","22","19.95","690","19.8↗","19.28↗","17.45↗","14.18↗"
="4416","三圓","08/26","80.4","80.4","80.4","0","81.04↗","80.73↘","80.77↘","80.96↗"
="4417","金洲","08/26","31.25","31.3","30.95","70","30.97↘","31.12↗","30.66↗","31.21↗"
="4419","元勝","08/26","6.79","6.79","6.79","0.0","6.79→","6.88↘","7.32↘","6.97↗"
="4420","光明","08/26","23.6","23.65","23.3","19","23.28↗","23.42↘","23.35↗","23.53↘"
="4429","聚紡","08/26","30.25","30.45","30.25","5","30.53↘","31.06↘","31.14↘","32.71↘"
="4430","耀億","08/26","25.05","25.1","24.8","68","25.89↘","25.84↘","25.58↘","25.56↗"
="4432","銘旺實","08/26","21.15","21.15","18.85","742","20.21↘","19.57↗","17.61↗","15.36↗"
="4433","興采","08/26","46.95","47.5","46.75","455","46.59↘","46.78↗","44.52↗","38.57↗"
="4502","健信","08/26","50.4","51","50.2","19","50.82↘","52.5↘","52.94↘","52.4↘"
="4503","金雨","08/26","20.1","20.8","19.85","47","19.75↘","20.06↗","20.13↘","19.83↗"
="4506","崇友","08/26","56.2","56.2","56","50","56.08↘","56.1↗","55.98→","57.55↘"
="4510","高鋒","08/26","10","10.05","9.97","14","9.97↘","10↗","9.99↗","10.05↗"
="4513","福裕","08/26","7.2","7.2","7.1","16","7.2↘","7.27↘","7.27↘","7.4↗"
="4523","永彰","08/26","25.9","26.7","25.2","134","25.64→","25.68↗","24.93↗","23.31↗"
="4527","方土霖","08/26","27.95","28","27.8","71","27.72↗","27.58↗","27.08↗","26.33↗"
="4528","江興鍛","08/26","42","42.2","40.9","149","40.44↗","40.14↗","39.77↗","40.84↗"
="4529","淳紳","08/26","8.5","8.8","8.36","262","8.5↘","8.64↘","8.63↗","9.16↘"
="4530","宏易","08/26","10.3","10.55","10.3","32","10.51↘","10.64↘","10.82↘","10.9↘"
="4533","協易機","08/26","11.5","11.7","11.5","155","11.41↗","11.53↘","11.8↘","11.49↗"
="4534","慶騰","08/26","7.09","7.2","7.05","23","7.02↗","7.06↘","7.11↗","7.36↘"
="4535","至興","08/26","24.4","24.5","24.4","18","24.22↗","24.37↘","24.35↗","26.17→"
="4538","大詠城","08/26","15.1","15.1","14.95","7","14.87↗","14.78↗","14.65↗","14.91↗"
="4541","晟田","08/26","19.2","19.2","18.6","71","19.1↗","19.09↗","19.18↗","19.65↘"
="4542","科嶠","08/26","20.6","20.6","20.6","0","20.68↘","20.86↘","20.81↘","22.51↘"
="4543","萬在","08/26","15.25","15.3","15","214","14.84↗","14.58↗","14.31↗","14.7↗"
="4549","桓達","08/26","72.6","73.2","71","189","70.24↗","70.5↗","69.36↗","70.4↗"
="4550","長佳","08/26","22","22","21.95","42","21.83↘","21.85↗","22.55↘","24.83↘"
="4554","橙的","08/26","20.85","20.85","20","20","20.55↘","21.5↘","21.24↗","20.33↗"
="4556","旭然","08/26","37.8","38.2","37.25","20","37.74↘","38.2↘","38.67↗","36.33↗"
="4561","健椿","08/26","24.65","25.85","24.35","20","24.36↘","24.46↘","24.55↗","25.95↘"
="4563","百德","08/26","31.95","32.2","31.9","37","31.94↘","33.02↘","34.05↘","35.41↘"
="4568","科際精密","08/26","76","76","69.3","586","69.18↗","68.81↗","67.05↗","59.85↗"
="4580","捷流閥業","08/26","96.8","97.3","96.8","63","96.66↘","98.43↘","99.06↗","104.9↘"
="4609","唐鋒","08/26","7.48","7.48","6.97","41","7.29↗","7.47↘","7.78↘","8.28↘"
="4702","中美實","08/26","9.27","9.35","9.2","84","9.21↘","9.59↘","9.83↘","10.01↘"
="4706","大恭","08/26","16.25","16.25","16.25","2","16.34↗","16.01↗","15.8↗","16.17↘"
="4707","磐亞","08/26","11.45","11.55","11.4","2,261","11.44↘","11.4↗","11↗","11.19↗"
="4711","永純","08/26","13.4","13.6","13.15","54","13.38↘","13.43↘","13.35↗","13.69↘"
="4712","南璋","08/26","10.2","10.4","10","34","10↗","10.3↘","10.93↘","10.82↗"
="4714","永捷","08/26","14.7","14.8","14.65","371","14.41↗","14.6↘","15.12↘","15.34↗"
="4716","大立","08/26","14.95","15.25","14.85","269","14.76↗","14.12↗","13.7↗","14.07↗"
="4721","美琪瑪","08/26","61.1","61.2","60.5","533","60.74↘","61.82↘","63.27↘","61.43↗"
="4726","永昕","08/26","48.9","49.5","46.75","2,050","46.95↘","47.17↘","48.64↗","45.83↗"
="4728","雙美","08/26","70.6","70.6","67.1","176","68.66↗","70.05↘","72.27↘","77.66↘"
="4729","熒茂","08/26","15.6","15.8","15.5","349","15.66↘","16.1↘","16.36↗","19.18↘"
="4735","豪展","08/26","106","106.5","103","638","104.1↘","105.6↘","103.5↗","93.26↗"
="4736","泰博","08/26","206.5","211","206","775","208.5↘","214.3↘","231.5↘","255↘"
="4741","泓瀚","08/26","33.45","33.8","33","66","32.6↗","32.29↗","31.89↗","28.8↗"
="4743","合一","08/26","330","332","303","6,386","305.7↘","299.6↗","255.7↗","247.1↗"
="4744","皇將","08/26","31.75","32","31.6","50","31.87↘","32.28↘","32.54↘","35.94↘"
="4745","合富-KY","08/26","32.6","32.9","31.6","163","31.42↗","32.09↘","33.39↘","34.73↘"
="4747","強生","08/26","38.75","38.75","38.5","22","38.52↘","38.83↗","38.84↗","40.51↘"
="4754","國碳科","08/26","41.8","41.8","41.8","20","41.78↘","41.85↘","43.06↘","50.45↘"
="4760","勤凱","08/26","74","74.6","73.7","148","73.42↘","75.32→","74.16↗","76.73↘"
="4767","誠泰科技","08/26","19.7","19.8","19.7","11","19.89↘","20.31↘","20.78↘","21.92↘"
="4803","VHQ-KY","08/26","53.5","53.8","52.7","133","52.32↗","52.58↘","55.86↘","64.85↘"
="4804","大略-KY","08/26","8.66","9.03","8.66","34","8.93↘","9.05↘","9.01↘","9.33↘"
="4806","昇華","08/26","8.35","8.62","8.35","16","9.08↘","9.11↘","9.53↘","9.47↗"
="4903","聯光通","08/26","8.63","8.97","8.43","311","9.14↘","9.08↘","9.36↘","10.33↘"
="4905","台聯電","08/26","46.6","47.3","46.5","9","46.65↘","46.71↘","47.06↘","48.16↘"
="4907","富宇","08/26","28","28.05","27.35","39","28.41↘","28.38↘","28.6↗","28.09↗"
="4908","前鼎","08/26","34","34.4","33.5","322","33.36↘","34.6↘","35.6↘","39.17↘"
="4909","新復興","08/26","16.3","16.35","16.15","112","16.07↘","16.43↗","16.16↗","16.18↗"
="4911","德英","08/26","36.7","37.2","36.7","15","35.89↘","36.44↘","37.51↘","39.64↘"
="4924","欣厚-KY","08/26","9.7","9.9","9.56","162","9.53↘","9.18↗","7.84↗","7.25↗"
="4931","新盛力","08/26","22.55","22.65","22","125","21.9↘","22.36↘","22.85↗","25.75↘"
="4933","友輝","08/26","26.75","26.85","26.55","242","26.09↗","25.94↗","25.42↗","24.6↗"
="4939","亞電","08/26","14.6","14.7","14.45","192","14.45↗","14.46↗","14.1↗","13.86↗"
="4944","兆遠","08/26","12.3","12.45","11.85","171","12.11↘","12.53↘","12.38↗","10.97↗"
="4946","辣椒","08/26","12.05","12.35","12","54","12.2↗","11.57↗","11.42↗","12.42↗"
="4950","牧東","08/26","11","11","11","148","9.2↗","7.77↗","6.94↗","6.34↗"
="4953","緯軟","08/26","100.5","107.5","100.5","5,761","96.74↗","92.83↗","84.74↗","85.09↗"
="4966","譜瑞-KY","08/26","1070","1125","1060","895","1093↘","1113↗","1145↘","1048.1↗"
="4971","IET-KY","08/26","51.5","52","51.4","30","51.44↘","50.61↗","50.13↗","53.27↘"
="4972","湯石照明","08/26","27.2","27.35","27.2","29","27.3↘","27.57↘","27.68↘","28.68↘"
="4973","廣穎","08/26","22.65","22.95","22.5","294","21.95↗","22.4↘","25.24↘","26.76↘"
="4974","亞泰","08/26","53.3","53.5","53.3","119","52.98↘","53.6→","53.67↗","54.27↘"
="4979","華星光","08/26","28.2","28.45","27.6","2,178","27.38↘","29.28↘","28.76↗","27.53↗"
="4987","科誠","08/26","47.55","47.6","47.55","9","46.99↗","47.5↘","47.58↗","48.59↘"
="4991","環宇-KY","08/26","47.45","47.85","47.05","181","47.02↘","48.54↘","50.34↘","52.46↘"
="4995","晶達","08/26","39.9","40.25","39.75","12","39.7↘","39.91↗","40.1↘","42.59↘"
="5009","榮剛","08/26","15.85","16","15.85","402","15.64↗","15.63↗","15.49↗","15.86↘"
="5011","久陽","08/26","18.5","18.65","18.5","28","18.16↘","18.51↘","19.47↗","16.82↗"
="5013","強新","08/26","25.95","25.95","25.05","5","25.61↗","25.58↗","25.48↗","24.92↗"
="5014","建錩","08/26","8.8","8.8","8.3","1,217","8.34↗","8.2↗","8.07↗","8.15↗"
="5015","華祺","08/26","32.85","33","31.15","88","31.14↗","31.12↗","31.21↗","33.37↘"
="5016","松和","08/26","28.9","28.9","28.7","5","28.82↘","28.93↘","28.85↗","28.76↗"
="5102","富強","08/26","15.4","15.4","15.35","22","15.36↗","15.34↗","15.3↗","15.38↘"
="5201","凱衛","08/26","32","32.4","31.8","51","32.05↘","32.47↘","32.39↗","32.47↗"
="5202","力新","08/26","14.75","15.35","14.75","23","14.55↘","14.89↘","15.27↘","14.94↘"
="5205","中茂","08/26","7.1","7.1","7.1","1","8.13↘","8.26↗","7.9↘","8.66↗"
="5206","坤悅","08/26","16.75","16.75","16.6","172","16.39↗","16.37↗","16.3↗","16.74↗"
="5209","新鼎","08/26","67.5","67.5","65.1","24","65.76↗","66.39↗","64.85↗","63.95↗"
="5210","寶碩","08/26","9.28","9.29","9.13","325","9.13↗","9.06↗","9.04↗","7.88↗"
="5211","蒙恬","08/26","14.85","14.85","14.65","76","14.7↗","14.85↘","14.97↘","14.78↗"
="5212","凌網","08/26","45.25","47","45.25","28","45.4↗","45.68↘","47.1↘","48.34↘"
="5213","亞昕","08/26","15.2","15.2","15","376","14.93↗","14.88↗","14.9↗","14.94↗"
="5220","萬達光電","08/26","53.9","57","53.6","1,980","54.16↘","57.25↗","51.65↗","43↗"
="5223","安力-KY","08/26","74.3","76.2","72","12,587","66.28↗","65.5↗","61.08↗","51.35↗"
="5227","立凱-KY","08/26","12.25","12.45","12.1","781","11.87↘","12.12↘","12.81↘","13.58↗"
="5230","雷笛克光學","08/26","23.5","23.7","23.5","29","23.65↘","23.71↘","23.8↘","23.48↗"
="5245","智晶","08/26","36.1","36.6","35.55","109","35.55↘","36.85↘","38.22↗","40.72↘"
="5251","天鉞電","08/26","13.45","14.05","13.3","828","12.49↗","12.39↗","12.35↗","13.24↘"
="5263","智崴","08/26","105","105.5","103.5","125","104.7↘","105.6↘","107.5↘","111.6↘"
="5272","笙科","08/26","19","19","18.5","81","18.66↘","19.3↘","19.58↘","19.95↗"
="5274","信驊","08/26","1210","1230","1185","355","1164↗","1168↗","1157.4↗","1250.2↘"
="5276","達輝-KY","08/26","9.26","9.34","9.1","8","9.24↘","9.35↘","9.36↗","8.86↗"
="5278","尚凡","08/26","116.5","117","116","17","116.8↘","118.6↘","117.7↗","124.4↘"
="5281","大峽谷-KY","08/26","26.55","26.8","26.05","37","25.78↗","25.42↗","23.82↗","23.61↗"
="5287","數字","08/26","218","219","218","18","216.5↘","218.5↗","216.4↗","222.9↘"
="5289","宜鼎","08/26","158","160","157.5","331","160.5↘","167.7↘","173.5↘","179.8↘"
="5291","邑昇","08/26","22.55","22.55","22.2","81","22.07↗","22.28↗","22.03↗","22.33↗"
="5299","杰力","08/26","111","111.5","107.5","683","106.3↗","108.2↗","111.8↘","115.6↘"
="5302","太欣","08/26","6.9","7.19","6.64","793","6.61↗","6.58↗","6.56↗","6.34↗"
="5304","鼎創達","08/26","3.27","3.29","3.26","139","3.27↘","3.27↘","3.27→","2.96↗"
="5306","桂盟","08/26","198.5","199","195","887","194.9↗","192.4↗","187.2↗","162.2↗"
="5309","系統電","08/26","37.7","37.95","35.2","4,731","35.16↗","35.2↗","36.45↗","32.26↗"
="5310","天剛","08/26","17.8","18.4","16.85","349","17.5↗","16.18↗","12.99↗","10.02↗"
="5312","寶島科","08/26","59.6","60","59.2","23","59.5↘","60.15↘","62.12↘","64.53↘"
="5314","世紀","08/26","6.08","6.2","6.04","23","6.12↘","6.08↗","6↗","5.54↗"
="5315","光聯","08/26","13.2","13.2","13.1","42","13.17↘","13.24↘","13.39↗","13.65↘"
="5321","友銓","08/26","39","39.3","38.1","166","38.99↘","41.1↘","45.81↘","39.43↗"
="5324","士開","08/26","9.95","9.95","8.88","2,001","8.89↗","8.74↗","8.46↗","8.15↗"
="5328","華容","08/26","8.7","8.88","8.3","1,023","8.35↗","8.48↗","8.65↗","8.52↗"
="5340","建榮","08/26","42","42.7","41.85","190","41.74↗","42.72↘","44.38↘","44.59↗"
="5344","立衛","08/26","14.3","14.45","13.8","172","14.2↘","14.56↘","15.45↘","13.76↗"
="5345","天揚","08/26","9.8","10.2","9.8","34","9.7↘","9.84↘","10.24↘","10.01↗"
="5347","世界","08/26","93.7","95.2","93.2","5,659","90.62↗","90.54↗","91.52↘","83.87↗"
="5348","系通","08/26","7.25","7.27","7","27","7.16↗","7.18↗","7.22↗","7.04↗"
="5349","先豐","08/26","24.8","24.9","24.5","415","24.56↘","25.35↘","26.05↘","25.17↗"
="5351","鈺創","08/26","10.6","12.4","10.6","26,917","10.16↗","10.02↗","9.94↗","9.45↗"
="5353","台林","08/26","16.5","16.55","16.4","31","16.36↘","16.51↘","16.62↘","17.47↘"
="5355","佳總","08/26","5.64","5.64","5.2","1,200","5.19↗","5.43↗","5.27↗","4.81↗"
="5356","協益","08/26","26.45","26.5","26.35","56","26.24↘","26.43↗","26.49↗","27.84↘"
="5364","力麗店","08/26","14.95","15","14.3","80","14.85→","14.85↘","16.91↘","19.06↗"
="5371","中光電","08/26","36.75","37","36.35","6,088","35.32↗","35.46↗","35.32↗","33.42↗"
="5381","合正","08/26","3.49","3.49","3.35","18","3.49↗","3.51→","3.53↘","3.66↗"
="5383","金利","08/26","25.2","25.4","25","87","24.71↗","25.15↘","26.5↘","25.19↗"
="5386","青雲","08/26","28.65","29.3","28.55","180","29.17↘","28.99↗","29.62↘","29.38↗"
="5392","應華","08/26","24.1","24.1","23.85","182","23.76↘","24.15↘","24.2↗","24.72↘"
="5398","慕康生醫","08/26","18.45","18.8","18.4","83","18.63↘","19.35↘","21.05↘","23.77↘"
="5403","中菲","08/26","53.7","53.8","52.8","60","52.9↗","52.75↗","53.18↗","54.73↗"
="5410","國眾","08/26","21.2","21.2","20.95","205","21.02↘","21.2↗","21.34↗","21.75↗"
="5425","台半","08/26","36.95","37","35.5","1,639","35.79↘","36.42↗","36.91↗","39.47↗"
="5426","振發","08/26","10.95","10.95","10.85","41","10.84↗","10.82↗","10.82↗","10.71↗"
="5432","達威","08/26","17.3","17.3","17.1","10","17.21→","17.22↗","17.12↗","16.7↗"
="5438","東友","08/26","11.65","11.7","11.5","120","11.59↘","11.68↗","11.61↗","11.83↘"
="5439","高技","08/26","43.35","43.55","43.2","306","43.39↘","43.74↘","43.88↗","47.3↘"
="5443","均豪","08/26","22.65","22.75","22.05","3,111","21.54↗","21.44↗","21.21↗","20.8↗"
="5450","寶聯通","08/26","19","19.1","18.6","62","18.79↘","18.78↗","19.42↘","16.59↗"
="5452","佶優","08/26","8.74","8.98","8.66","850","8.78↘","8.87↗","7.98↗","7.13↗"
="5455","昇益","08/26","17","17","17","0","17→","17↗","16.95↘","17.41↘"
="5457","宣德","08/26","126.5","134","126","14,420","122.9↗","117.3↗","106.8↗","91.63↗"
="5460","同協","08/26","10.8","10.8","10.7","58","10.76↘","10.84↘","11.12↘","11.1↘"
="5464","霖宏","08/26","11.6","11.6","11.5","22","11.42↗","11.52↘","11.49↗","11.65↗"
="5465","富驊","08/26","19","19.35","17.8","2,248","17.56↗","17.54↗","17.48↗","17.05↗"
="5468","凱鈺","08/26","12.3","12.65","12.3","4","12.17↘","12.08↗","11.61↗","11.04↗"
="5474","聰泰","08/26","312","315","289.5","5,813","272↗","265.2↗","261.2↗","200.2↗"
="5475","德宏","08/26","2.87","2.87","2.64","357","2.53↗","2.52↗","2.59↗","2.35↗"
="5478","智冠","08/26","99.2","101.5","99.2","188","96.52↗","100.7↘","102.8↘","107.6↘"
="5481","新華","08/26","15.35","15.7","15.25","622","14.89↗","14.66↗","14.13↗","13.48↗"
="5483","中美晶","08/26","97.8","98.5","97.1","3,977","97.2↘","100↘","99.61↗","97.62↗"
="5487","通泰","08/26","35.6","35.95","35.15","9","35.12↗","34.81↗","35.67↗","33.46↗"
="5488","松普","08/26","5.82","5.89","5.81","90","5.82↘","5.84↗","5.73↗","5.74↗"
="5489","彩富","08/26","29.1","29.35","29.1","22","29.21↘","29.25↘","29.73↘","31.04↘"
="5490","同亨","08/26","28.2","28.3","27.55","387","27.3↗","27.51↗","26.85↗","26.55↗"
="5493","三聯","08/26","40.05","40.45","40","51","39.82↗","39.99↘","41.12↘","41.53↗"
="5498","凱崴","08/26","11.3","11.4","11.2","349","11.13↘","11.43↘","11.52↘","11.69↗"
="5508","永信建","08/26","37.8","38.1","37.5","346","37.61↘","37.58↗","35.92↗","34.19↗"
="5511","德昌","08/26","29.9","29.9","29.8","36","29.79↘","29.57↗","29↗","29.63↗"
="5512","力麒","08/26","9.46","9.52","9.3","2,727","9.32↗","9.37↗","9.33↗","9.68↘"
="5514","三豐","08/26","19.1","19.25","19.1","13","19.04↘","19.02↗","18.85↗","19.43↘"
="5516","雙喜","08/26","15.2","15.35","15.05","39","15.46↘","15.55↘","15.74↘","15.81↗"
="5520","力泰","08/26","41.5","41.5","41.5","2","41.1↗","41.7↘","42.03↗","40.1↗"
="5523","豐謙","08/26","13.25","13.25","13.2","20","13.08↗","13.03↗","12.75↗","11.83↗"
="5529","志嘉","08/26","6.16","6.25","6.12","179","6.12↗","6.02↗","5.94↗","6.11↘"
="5530","龍巖","08/26","55.6","55.6","55","297","55.4↘","55.83↘","56.83↘","57.98↘"
="5536","聖暉","08/26","208","210","203.5","994","199.5↗","198↗","195.7↗","201.1↗"
="5543","崇佑-KY","08/26","52.5","53","52","93","50.75↗","48.87↗","47.43↗","35.83↗"
="5601","台聯櫃","08/26","25","25","25","0.3","24.56↗","24.77↘","25.35↘","25.42↘"
="5603","陸海","08/26","9.93","10.05","9.93","128","9.92↘","9.95↘","10.18↘","9.93↗"
="5604","中連貨","08/26","60.1","62.1","59.1","114","59↗","58.27↗","58.25↗","61.83↗"
="5609","中菲行","08/26","56.9","57.2","54.9","3,049","55.82↗","56.4↗","50.12↗","41.35↗"
="5701","劍湖山","08/26","2.5","2.7","2.5","1,442","2.37→","2.49↘","2.72↘","3.13↗"
="5703","亞都","08/26","22.6","22.6","22.6","0","22.6→","22.6→","22.6→","22.97↗"
="5704","老爺知","08/26","27.7","27.7","27.7","1","27.62↘","27.83↘","27.94↘","28.87↘"
="5820","日盛金","08/26","10.15","10.2","10.1","1,355","10.13↘","10.22↘","10.4↘","10.06↗"
="5864","致和證","08/26","9.11","9.2","9.1","69","9.12↘","9.16↗","9.4↘","8.93↗"
="5878","台名","08/26","47.5","47.5","47.2","4","47.17↗","47.24↘","46.96↗","46.66↗"
="5902","德記","08/26","17.4","17.6","17.2","83","17.22↗","16.4↗","15.22↗","13.38↗"
="5903","全家","08/26","272.5","274","270","42","273.6↗","265.6↗","259.5↗","251.6↗"
="5904","寶雅","08/26","596","599","582","110","588.2↗","591.3↘","604.2↘","597.5↗"
="5905","南仁湖","08/26","9.5","9.63","9.47","222","9.48↘","9.66↘","9.83↘","10.83↘"
="6015","宏遠證","08/26","8.07","8.1","8.03","348","8.02↘","8.14↘","8.59↘","7.53↗"
="6016","康和證","08/26","10.1","10.25","10.1","1,534","10.08↘","10.17↘","10.18↗","8.75↗"
="6020","大展證","08/26","14.2","14.2","14.2","16","14.06↗","14.12↘","14.32↗","13.46↗"
="6021","大慶證","08/26","16.5","16.5","15.65","68","15.82↗","15.84↗","16.03↗","15.45↗"
="6023","元大期","08/26","55.3","55.6","55.2","47","55.48↘","55.71↘","55.52↗","55.58↘"
="6026","福邦證","08/26","9.2","9.28","9.16","315","9.02↗","9.03↗","9.19↘","9.27↗"
="6101","寬魚國際","08/26","25.6","25.6","25.2","7","25.49↘","25.95↘","27.03↘","29.3↘"
="6103","合邦","08/26","7.58","7.58","7.58","3","7.74↘","7.95↘","8.18↘","8.01↗"
="6104","創惟","08/26","74.2","74.6","71.3","11,745","68.32↗","67.97↗","71.27↗","65.13↗"
="6109","亞元","08/26","17.4","17.4","16.1","1,702","16.34↗","15.83↗","15.16↗","12.47↗"
="6111","大宇資","08/26","75.8","75.9","74.5","235","71.7↗","73.51↘","76.69↘","78.22↘"
="6113","亞矽","08/26","6.29","6.3","6.13","155","6.19↗","6.22↗","6.22↗","6.08↗"
="6114","久威","08/26","21.75","21.8","21.5","22","21.58↘","21.9↘","23.58↘","25.21↘"
="6118","建達","08/26","11","11.1","10.75","188","10.8↘","11.11↘","11.2↗","10.74↗"
="6121","新普","08/26","336","339.5","334.5","318","331.4↘","336.6↘","337.6↗","336.3↗"
="6122","擎邦","08/26","13.5","13.55","13.45","47","13.4↘","13.45↗","13.41↗","13.67↘"
="6123","上奇","08/26","42.1","42.9","41.75","447","42↗","41.4↗","40.97↗","40.88↗"
="6124","業強","08/26","33.9","34.5","33.75","45","33.34↘","34.68↘","34.57↗","32.73↗"
="6125","廣運","08/26","25.75","27.85","25.45","46,462","24.48↘","24.72↗","22.15↗","18.88↗"
="6126","信音","08/26","21.7","22.35","21.5","3,225","20.83↗","20.81↗","19.37↗","17.51↗"
="6127","九豪","08/26","16.15","16.3","15.9","410","15.9↘","16.38↘","16.36↗","16.87↘"
="6129","普誠","08/26","7.07","7.1","7","164","6.93↘","7.04↘","7.1↗","6.81↗"
="6130","星寶國際","08/26","27.25","27.4","26.6","39","28.07↘","28.79↘","28.4↘","28.7↘"
="6134","萬旭","08/26","8.98","8.98","8.85","134","8.97↘","9.29↗","8.99↗","8.42↗"
="6138","茂達","08/26","81","81.6","80.5","485","79.6↗","80.4↘","82.73↘","83.65↗"
="6140","訊達","08/26","26","28.3","25.8","2,388","23.76↗","22.92↗","19.58↗","16.8↗"
="6143","振曜","08/26","36.6","36.9","36.6","65","36.53↘","36.85↘","38.78↘","39.61↘"
="6144","得利影","08/26","5.73","5.78","5.73","2","5.75↗","5.73↘","5.74↗","5.97↘"
="6146","耕興","08/26","270","272","270","24","271↗","264.7↗","255.4↗","244↗"
="6147","頎邦","08/26","57.2","57.2","55.2","5,323","55.62↗","56.7↘","57.76↗","61.41↘"
="6148","驊宏資","08/26","10.6","10.7","10.6","38","10.42↘","10.62↘","10.64↗","10.33↗"
="6150","撼訊","08/26","48.75","49.5","48.45","1,023","47.85↘","47.93↗","48.93↘","49.17↗"
="6151","晉倫","08/26","20.55","20.55","20.35","50","20.38↘","20.51↗","20.4↗","20.75↗"
="6154","順發","08/26","13.35","13.45","13.2","62","13.31↘","13.68↘","13.72↘","13.52↗"
="6156","松上","08/26","20.85","22.95","20.8","19,020","19.55↗","19.55↗","19.49↗","16.43↗"
="6158","禾昌","08/26","30","30.3","29.6","316","29.26↘","29.6↘","29.55↗","26.8↗"
="6160","欣技","08/26","12","12.2","11.75","657","11.81→","11.9↗","11.98↘","12.13↘"
="6161","捷波","08/26","18.2","18.25","18.1","133","17.99↗","18.1↘","18.14↗","18.43↘"
="6163","華電網","08/26","17","17","16.7","281","16.84↘","17.27↘","17.23↗","16.9↗"
="6167","久正","08/26","6.84","6.84","6.77","285","6.81↘","6.94↘","7.03↘","7.06↗"
="6169","昱泉","08/26","26.4","28.1","23.35","1,480","24.01↗","27.88↘","34.74↘","43.38↘"
="6170","統振","08/26","19.2","19.4","19.1","610","19.1↘","19.79↘","20.24↗","19.53↗"
="6171","亞銳士","08/26","24.95","25.15","24.9","110","24.53↗","24.46↗","24.09↗","23.6↗"
="6173","信昌電","08/26","54.1","55.2","53.4","4,318","52.18↘","53.53↘","53.66↗","54.38↘"
="6174","安碁","08/26","11.75","12","11.75","131","11.58↗","11.48↗","11.39↗","11.38↗"
="6175","立敦","08/26","22.85","23","22.5","304","22.5↘","22.95↗","22.93↗","21.91↗"
="6179","亞通","08/26","39.05","39.65","39","95","38.48↘","39.21↘","40.2↗","37.71↗"
="6180","橘子","08/26","68.8","71.2","68.8","2,344","66.92↘","68.66↘","68.72↗","69.19↗"
="6182","合晶","08/26","33.9","34.15","33.6","2,620","33.52↘","34.71↘","35.54↘","34.83↗"
="6185","幃翔","08/26","14.6","14.7","14.15","1,131","14.28↘","14.5→","14.65↗","15.61↘"
="6186","新潤","08/26","28.25","28.45","28.05","542","27.69↗","27.47↗","27.58↗","29.98↘"
="6187","萬潤","08/26","62.7","66.5","62.7","11,068","59.46↗","59.12↗","60.56↗","51.24↗"
="6188","廣明","08/26","43.5","43.8","42.1","12,822","40.82↗","37.47↗","35.75↗","33.66↗"
="6190","萬泰科","08/26","15.5","15.6","15.4","200","15.32↗","15.31↗","15.02↗","15.32↘"
="6194","育富","08/26","32.2","32.25","31.1","1,035","29.85↗","29.04↗","27.9↗","26.24↗"
="6195","詩肯","08/26","34.2","34.2","33.9","30","33.67↘","33.99↘","33.88↗","34.25↗"
="6198","凌泰","08/26","13.7","13.7","13.7","0.0","13.7→","13.72↘","13.85↘","13.61↗"
="6199","天品","08/26","12.1","12.1","12","9","12.04↗","11.92↗","11.81↗","11.86↗"
="6203","海韻電","08/26","68.9","69.5","67.6","730","68.18↘","69.95↘","76.1↘","69.06↗"
="6204","艾華","08/26","40.5","40.6","40.5","19","40.73↘","41↗","39.45↗","34.81↗"
="6207","雷科","08/26","23.75","23.8","23.4","126","23.42↘","23.44↗","23.35↗","23.71↗"
="6208","日揚","08/26","37.2","37.95","37.1","2,446","36.07↗","36.26↗","36.44↗","34.28↗"
="6210","慶生","08/26","40.9","41","40.8","38","40.94↘","41.48↘","42.77↘","44.86↘"
="6212","理銘","08/26","55","57.3","55","4","54.94↗","55.16→","52.72↗","49.22↗"
="6217","中探針","08/26","30.95","31.2","30.65","125","30.47↘","31.11↘","31.67↗","32.39↘"
="6218","豪勉","08/26","19.8","19.85","19.8","3","19.72↗","19.68↘","19.82↗","20.19↘"
="6219","富旺","08/26","14.9","14.95","14.5","3,145","14.16↗","13.84↗","13.7↗","13.75↗"
="6220","岳豐","08/26","25.3","25.4","24.75","1,576","23.9↗","23.16↗","21.38↗","20.59↗"
="6221","晉泰","08/26","50.2","51.5","50.1","461","48.44↗","48.82↘","54.89↘","60.61↘"
="6222","上揚","08/26","13.65","13.9","13.65","33","13.61↗","13.6↘","13.75↗","13.48↗"
="6223","旺矽","08/26","118","121.5","116","4,854","114.5↗","120↘","131.5↘","114.8↗"
="6227","茂綸","08/26","29.5","29.6","28.9","742","28.79↗","28.5↗","26.65↗","24.45↗"
="6228","全譜","08/26","8.88","8.95","8.6","21","8.69↗","8.5↗","8.32↗","7.39↗"
="6229","研通","08/26","19.4","19.9","19.4","971","19.89↘","20.68↘","20.83↗","16.73↗"
="6231","系微","08/26","104.5","108","102.5","1,378","102↘","106.2↘","109.8→","105.2↗"
="6233","旺玖","08/26","15.6","16.1","15.35","3,503","14.8↗","15.2↘","15.72↗","13.97↗"
="6234","高僑","08/26","27.15","27.45","27.05","432","26.53↗","26.79↘","27.41↘","27.31↗"
="6236","康呈","08/26","9.8","9.8","9.8","0","9.8→","9.8↘","10.43↘","9.21↗"
="6237","驊訊","08/26","39.1","39.1","35.55","17,994","35.04↗","35.69↗","33.74↗","31.09↗"
="6240","松崗","08/26","13.4","13.7","13.35","31","13.04↗","13.04↗","12.96↗","13.61↗"
="6241","易通展","08/26","19.5","19.6","19.05","81","18.97↗","18.19↗","18.26↗","15.81↗"
="6242","立康","08/26","36.8","37","36.7","7","37.31↘","37.11↗","36.49↗","36.81↗"
="6244","茂迪","08/26","19.85","20.25","18.8","14,993","18.36↗","17.7↗","13.83↗","9.96↗"
="6245","立端","08/26","56.4","56.7","56.2","188","55.92↘","57.03↘","57.26↘","59.23↘"
="6246","臺龍","08/26","9.99","10.15","9.8","9","9.92↘","10.08↘","10.26↗","9.55↗"
="6247","淇譽電","08/26","9","9.11","8.96","56","9.16↘","9.09↘","9.06↗","9.15↘"
="6248","沛波","08/26","27.45","27.8","27.3","55","27.52→","27.52↗","27.5↗","27.37↘"
="6259","百徽","08/26","2.3","2.48","2.18","86","2.4↘","2.55↘","2.52↗","2.22↗"
="6261","久元","08/26","58.9","59","57.9","869","60.04↘","61.71↘","64.52↘","64.08↘"
="6263","普萊德","08/26","63.2","63.2","62.3","44","62.26↗","62.69↘","64.83↘","66.16↘"
="6264","富裔","08/26","6.3","6.46","6.28","173","6.46↘","6.76↘","6.81↘","6.3↗"
="6265","方土昶","08/26","6.2","6.26","6.16","152","6.13↘","6.23↘","6.38↘","6.22↗"
="6266","泰詠","08/26","19.05","19.05","18.9","58","18.76↘","19.05↘","18.86↗","19.36↘"
="6270","倍微","08/26","18.55","18.6","18.35","160","18.36↘","18.77↘","19.56↘","19.74↗"
="6274","台燿","08/26","119","119","116.5","702","119.1↘","122.6↘","128↘","136.7↘"
="6275","元山","08/26","18.5","18.7","18.5","322","18.25↘","18.28↘","18.23↗","17.68↗"
="6276","安鈦克","08/26","30.05","30.05","27.45","2,855","27.19↗","27.54↗","27.63↗","25.6↗"
="6279","胡連","08/26","74.5","74.8","73","221","73.72↘","75.27↘","75.38↗","81.04↘"
="6284","佳邦","08/26","36","36","34","3,207","33.51↗","34.18↘","34.38↗","32.99↗"
="6287","元隆","08/26","3.01","3.06","3.01","17","3.23↘","3.23↘","3.09↗","3.16↗"
="6290","良維","08/26","55.5","56.8","55.5","3,504","54.64↘","54.65↗","54.97↗","57.8↘"
="6291","沛亨","08/26","18.1","18.1","18.1","0.0","18.31↘","18.6↘","18.75↘","18.27↗"
="6292","迅德","08/26","34.25","34.6","34.2","82","33.58↗","33.76↗","32.95↗","35.34↘"
="6294","智基","08/26","108.5","109","108.5","24","108.2→","108↗","107↗","108.6→"
="6404","通訊-KY","08/26","4.95","4.95","4.95","5","5.06↘","5.1↘","5↘","4.42↗"
="6411","晶焱","08/26","83.9","84.7","83.9","189","83.48↘","85.13↘","87.87↘","88.61↗"
="6417","韋僑","08/26","61.5","61.5","60.9","5","61.38↘","61.76↗","60.56↗","56.48↗"
="6418","詠昇","08/26","14.95","15.2","14.7","52","14.33↗","14.66↗","14.35↗","14.55↗"
="6419","京晨科","08/26","12.75","12.75","12.15","35","12.75↘","12.99↘","13.06↘","13.53↘"
="6425","易發","08/26","34.15","35.2","33.9","202","35.66↘","33.3↗","29.31↗","26.44↗"
="6426","統新","08/26","133.5","135","132","613","131.5↘","138.8↘","139.8↗","141.7↗"
="6432","今展科","08/26","31.75","31.75","30.9","280","30.61↗","30.8↗","29.84↗","29.53↗"
="6435","大中","08/26","94.5","95","91.5","1,031","90.24↗","90.07↗","90.18↗","91.54↗"
="6438","迅得","08/26","78.2","81","77.6","5,066","75.94↗","72.33↗","69.02↗","66.06↗"
="6441","廣錠","08/26","134","141","131.5","3,791","137.1↘","131.4↗","116.4↗","94.28↗"
="6446","藥華藥","08/26","109.5","111.5","109","847","108.6↘","107.7↘","110.8↘","117↘"
="6457","紘康","08/26","54.5","54.8","54","230","52.84↗","53.97↘","55.59↗","59.87↘"
="6461","益得","08/26","21.4","21.5","21.05","103","21.07↘","21.36↘","21.76↗","22.3↗"
="6462","神盾","08/26","170","172.5","168.5","541","167↗","171.4↘","180.4↘","189.9↘"
="6465","威潤","08/26","32.15","32.35","31.9","84","32.26↘","32.71↘","32.75↘","35.35↘"
="6469","大樹","08/26","106.5","106.5","97.4","1,051","95.2↗","92.16↗","89.09↗","88.67↗"
="6470","宇智","08/26","48.55","50.7","48.1","1,211","47.59↗","46.15↗","45.27↗","44.77↗"
="6472","保瑞","08/26","157.5","158.5","155.5","286","152↗","150.4↗","151.3↗","159.9↗"
="6482","弘煜科","08/26","26.2","26.2","26.2","1","26.53↘","26.92↘","27.49↘","31.44↘"
="6485","點序","08/26","24.2","24.5","24.1","37","23.93↘","24.5↘","24.45↗","25.57↘"
="6486","互動","08/26","70.7","71.4","70.6","47","70.44↘","71.41↘","71.61↗","74.81↘"
="6488","環球晶","08/26","393","393","388","1,002","387.9↘","398↘","410.1↘","405.3↗"
="6492","生華科","08/26","149","153","147","787","146.9↘","148.3↘","151.8↗","141↗"
="6494","九齊","08/26","35.6","35.6","33.95","422","33.8↗","34.11↗","35.17↗","34.77↗"
="6496","科懋","08/26","30.3","30.3","30.2","26","30.16↗","30.22↗","30.53↗","31.33↗"
="6499","益安","08/26","59.4","60","59.2","33","58.6↘","58.99↘","60.74↘","61.88↗"
="6506","雙邦","08/26","16.6","16.6","16.55","18","16.59↗","16.6↘","16.65↗","17.23↘"
="6508","惠光","08/26","32.7","33","32.65","303","32.57↘","32.68↗","32.23↗","32.68↘"
="6509","聚和","08/26","21.6","21.8","21.4","838","21.44↘","21.56↗","22.09↗","22.11↗"
="6510","精測","08/26","727","729","693","1,191","691.8↗","710.4↘","766↘","766.1↗"
="6512","啟發電","08/26","13.75","13.9","13.55","22","13.81↘","13.83↘","13.84↘","13.91↗"
="6514","芮特-KY","08/26","54.3","55.3","54","47","53.96↘","56.35↘","58.82↘","62.88↘"
="6516","勤崴國際","08/26","95","95.9","91.7","68","91.48↗","91.16↗","90.29↗","91.1↗"
="6523","達爾膚","08/26","60.2","60.6","60.1","110","60.42↘","61.28↘","62.17↗","66.49↘"
="6527","明達醫","08/26","50.9","51.3","50.8","28","50.78↘","50.95↗","49.53↗","50.45↘"
="6530","創威","08/26","19.05","19.25","18.8","23","18.9↘","19.42↗","19.53↘","19.88↗"
="6532","瑞耘","08/26","69.4","69.8","66.5","1,283","64.88↗","66.03↗","68.02↗","74.74↘"
="6535","順藥","08/26","41.5","42.15","40.3","519","42.17↘","40.49↗","40.46↗","40.91↗"
="6538","倉和","08/26","276.5","287.5","275","4,226","266.4↗","243↗","222.9↗","239↘"
="6542","隆中","08/26","53","53","53","5","53.34↘","54.99↗","53.31↗","54.66↘"
="6547","高端疫苗","08/26","101","103","98.7","1,864","99.96↗","96.91↗","98.63↗","106.4↗"
="6548","長科*","08/26","35","35.6","35","447","35.43↘","36.25↘","35.54↗","32.45↗"
="6556","勝品","08/26","46","46","45.5","2","45.32↗","45.28↗","45.22↗","45.84↗"
="6560","欣普羅","08/26","65.8","68.4","61.9","1,883","58.52↗","52.39↗","47.4↗","38.56↗"
="6561","是方","08/26","395","416.5","395","373","399.9↗","383.2↗","354.5↗","365.8↗"
="6568","宏觀","08/26","149","150","147.5","105","143.8↗","144.8↗","144.7↗","140.7↗"
="6569","醫揚","08/26","141.5","143","140.5","24","138.9↗","138↗","147.4↘","163.6↘"
="6570","維田","08/26","35.7","36.7","35.5","43","35.98↘","35.87↘","39.88↘","40.55↘"
="6574","霈方","08/26","55.1","55.1","54.1","6","54.92↘","55.39↘","55.81↘","56.96↘"
="6576","逸達","08/26","84.3","84.3","76.5","1,401","78.6↗","79.09↗","83.18↗","85.25↗"
="6577","勁豐","08/26","73.1","73.7","73","16","72.94↗","72.67↗","72.62↗","75.08↘"
="6578","達邦蛋白","08/26","19.75","19.75","19.7","18","19.89↘","19.93↘","19.87↗","20↘"
="6588","東典光電","08/26","96.6","99.5","93.5","156","93.98↘","98.34↘","104.7↘",""
="6589","台康生技","08/26","56.6","57.9","55.2","3,854","56.68↘","56.56↘","56.75↗","56.53↘"
="6590","普鴻","08/26","52","52","51","28","50.96↗","51.71↘","52.41↗","53.62↗"
="6593","台灣銘板","08/26","25.8","25.8","25.75","2","25.74↘","25.89↘","25.67↗","25.13↗"
="6594","展匯科","08/26","33","33.9","33","240","34.43↘","33.08↗","32.31↗","28.92↗"
="6596","寬宏藝術","08/26","48.2","49","47.4","102","48.44↘","48.76↘","49.13↘","52.57↘"
="6603","富強鑫","08/26","8.92","8.94","8.84","43","8.87↘","8.92↘","8.91↗","9.01↘"
="6609","瀧澤科","08/26","23.5","23.65","23.5","42","23.27↗","23.32→","23.82↘","25.1↘"
="6612","奈米醫材","08/26","68.5","68.8","67.7","21","66.72↗","67.31↗","68.52↗","72.18↘"
="6613","朋億","08/26","145","147","144.5","131","142.6↗","143.2↗","142.8↗","145.7↘"
="6615","慧智","08/26","56.3","56.3","56.2","12","56.74↘","58.07↘","59.2↘","64.07↘"
="6616","特昇-KY","08/26","28.3","28.8","28.2","26","28.58↘","28.38↗","27.21↗","27.62↗"
="6624","萬年清","08/26","35.5","35.5","35","7","35.37↘","35.74↘","35.99↘","38↘"
="6629","泰金-KY","08/26","58","58","57.3","22","58.26↘","58.47↘","57.09↗","55.34↗"
="6640","均華","08/26","43","43.4","42.85","24","43.39↘","43.44↗","42.77↗","44.53↘"
="6642","富致","08/26","36.05","36.1","35.55","9","36.06↗","35.9↗","35.61↗","35.97↘"
="6643","M31","08/26","302","303.5","296","261","298.1↘","305.5↘","322.8↘","338.5↘"
="6649","台生材","08/26","32.45","33","32.35","30","32.39↘","33.13↘","34.12→","34↗"
="6654","天正國際","08/26","52.8","53.3","51.4","22","52.54↘","54.61↘","56.63↘","58.91↗"
="6662","樂斯科","08/26","36.3","36.9","36.3","3","36.05↘","36.79↘","37.2↘","40.27↘"
="6664","群翊","08/26","63.5","64.4","63.3","176","62.56↗","62.77↗","62.52↗","64.34↗"
="6667","信紘科","08/26","61.1","62.4","60.8","102","59.92↗","60.22↗","60.08↗","64.38↘"
="6679","鈺太","08/26","210","211.5","200","2,362","197.7↗","199.4↗","204.1↗","186↗"
="6680","鑫創電子","08/26","62.5","62.5","62.5","1","61.6→","62.04↘","63.53↗","65.03↘"
="6683","雍智科技","08/26","278","285","268","901","273.2→","282.6↘","309.9↘","305↗"
="6690","安碁資訊","08/26","181","184","176.5","148","171.6↗","174.2↗","177.7↗","169.4↗"
="6697","東捷資訊","08/26","42.3","42.3","42","13","41.51↗","41.55↗","42.7↘","46.81↘"
="6716","應廣","08/26","68.6","69.8","67.9","34","67.38↘","68.18↘","68.4↗","70.69↘"
="6732","昇佳電子","08/26","910","920","870","2,723","817.8↗","812↗","799.7↗",""
="6803","崑鼎","08/26","214","215","214","27","213.6→","213.6↗","213.9↗","216.9↗"
="7402","邑錡","08/26","27.3","27.3","27.3","3","28.08↘","28.59↘","29.06↘","32.41↘"
="8024","佑華","08/26","9.31","9.53","9.11","1,719","9.21↘","9.39↘","9.6↘","9.49↗"
="8027","鈦昇","08/26","55.9","56.5","55.7","477","54.7↗","54.66↘","54.8↗","50.93↗"
="8032","光菱","08/26","21.25","21.85","21.15","22","21.2↘","21.26↗","21.26↗","22.13↘"
="8034","榮群","08/26","20.6","20.85","20.55","395","21.03↘","21.94↘","22.58↘","23.66↘"
="8038","長園科","08/26","29.95","30","29.5","43","29.91↘","29.64↗","29.56↗","30.65↘"
="8040","九暘","08/26","14.35","14.5","14.3","211","14.19↘","14.63↘","14.87↘","15.81↘"
="8042","金山電","08/26","35.95","36.3","35.9","127","36.12↘","35.64↗","35.41↗","35.47↗"
="8043","蜜望實","08/26","23.9","24.2","23.9","141","23.91↘","24.92↘","25.76↘","25.53↘"
="8044","網家","08/26","113.5","121","113.5","4,752","108.8↗","110.7↗","115.8↘","120.4↗"
="8047","星雲","08/26","10.3","10.3","9.9","81","9.82↗","9.81↗","9.74↗","9.84↗"
="8048","德勝","08/26","28.25","28.7","28.25","28","27.82↗","28.12↗","28.31↗","30.36↘"
="8049","晶采","08/26","19.45","19.5","19.35","669","19.43↘","20.26↘","21.69↘","22.1↘"
="8050","廣積","08/26","47.9","48.2","47.8","936","46.27↗","44.49↗","43.23↗","41.45↗"
="8054","安國","08/26","17.35","17.75","17","417","16.68↗","17.07↘","17.78↘","17.13↗"
="8059","凱碩","08/26","14.15","14.15","12.9","1,630","13.25↗","13.26↗","13.49↗","13.64↗"
="8064","東捷","08/26","13.45","13.7","13.45","262","13.52↘","13.79↘","14.17↘","14.73↘"
="8066","來思達","08/26","54.5","54.5","53.7","97","53.88↘","53.09↗","52.97↗","60.54↘"
="8067","志旭","08/26","8.75","8.93","8.52","6","8.85↘","9.05↘","9.18↘","9.14↗"
="8068","全達","08/26","28.4","28.75","27.8","7","27.8↘","28.42↘","27.53↗","26.48↗"
="8069","元太","08/26","39.8","40.25","39.6","4,853","39.17↘","40.82↘","40.93↗","40.98↘"
="8071","能率網通","08/26","13.3","13.4","12.9","657","12.76↗","12.6↗","12.46↗","12.67↗"
="8074","鉅橡","08/26","16.05","16.05","15.85","59","16.15↘","16.4↘","16.4↗","16.86↘"
="8076","伍豐","08/26","27.15","27.15","26.55","262","26.65↘","28.08↘","28.58↘","29.7↘"
="8077","洛碁","08/26","8.03","8.04","7.99","8","8.08↘","8.1↘","8.77↘","10.02↘"
="8080","永利聯合","08/26","3.12","3.16","3.1","49","3.2↘","3.17↘","3.12↗","3.07↗"
="8083","瑞穎","08/26","167","167.5","166.5","20","164.9↗","163.4↗","162.6↗","164.9↗"
="8084","巨虹","08/26","43.5","43.5","42.9","90","44.24↘","46.57↗","45.55↘","47.57↗"
="8085","福華","08/26","4.38","4.44","4.35","329","4.37↘","4.39↗","4.18↗","4.2↗"
="8086","宏捷科","08/26","89.5","90","85.1","6,374","85.1↗","87.64↘","92↘","94.33↗"
="8087","華鎂鑫","08/26","7.17","7.27","6.81","21","7.3↘","7.24↘","7.11↗","6.69↗"
="8088","品安","08/26","23.95","23.95","23.6","280","23.16↘","23.84↘","25.18↘","27.75↘"
="8091","翔名","08/26","78","80.3","76.2","1,222","73.7↗","74.51↗","77.55↘","68.97↗"
="8092","建暐","08/26","9.5","9.65","9.34","74","9.27↘","9.92↘","10.7↘","9.66↗"
="8093","保銳","08/26","8.45","8.6","8.4","399","8.55↘","8.74↘","9.23↘","7.87↗"
="8096","擎亞","08/26","12.3","12.45","12.25","645","12.27↘","12.4↘","12.1↗","12.2↘"
="8097","常珵","08/26","12.05","12.3","12.05","36","12.18↘","12.26↘","12.27↗","12.32↘"
="8099","大世科","08/26","20.95","21.25","20.9","142","20.6↘","21.43↘","21.6↗","22.17↗"
="8107","大億金茂","08/26","15.4","16.05","15.15","346","15.1↗","15.07↗","15.3↘","15.75↘"
="8109","博大","08/26","67.1","67.2","66.7","34","66.9↗","66.89↗","66.75↗","68.26↘"
="8111","立碁","08/26","12.5","12.75","12.35","898","12.16↘","12.44↘","12.33↗","11.64↗"
="8121","越峰","08/26","14.75","14.9","13.7","4,071","13.35↗","12.69↗","11.75↗","11.06↗"
="8147","正淩","08/26","40.95","41","40.95","14","40.81↘","41.58↘","41.63↗","41.51↗"
="8155","博智","08/26","127.5","129.5","126.5","284","125.2↘","130↘","132.5↘","140.7↘"
="8171","天宇","08/26","28.95","29.9","28.5","1,213","27.96↗","26.92↗","25.72↗","20.07↗"
="8176","智捷","08/26","8.35","8.49","8.3","38","8.38↘","8.55↘","8.6↗","8.87↘"
="8182","加高","08/26","28.3","28.65","28.1","413","28.07↘","28.84↘","28.77↗","29↘"
="8183","精星","08/26","19.5","19.8","18.65","4,681","18.92↘","19.36↗","18.68↗","18.03↗"
="8234","新漢","08/26","24.2","24.35","24","117","23.55↗","23.72↗","23.77↗","23.68↗"
="8240","華宏","08/26","26.8","27.2","26.5","189","26.45↗","26.23↗","25.6↗","25.26↗"
="8255","朋程","08/26","80.8","81.5","80.8","56","80.32↘","80.77↘","80.57↗","83.82↘"
="8277","商丞","08/26","6.35","6.49","6.35","114","6.36↘","6.42↘","6.37↗","6.32↗"
="8279","生展","08/26","126.5","128","125.5","71","127.6↘","127.8↗","124.3↗","117.5↗"
="8284","三竹","08/26","50.3","50.8","50.3","38","50.62↘","51.75↘","54.23↘","59.5↘"
="8289","泰藝","08/26","11.85","11.95","11.7","171","11.83↘","12.16↘","12.43↗","11.99↗"
="8291","尚茂","08/26","3.5","3.5","3.25","398","3.73↗","3.3↗","3.08↗","3.03↗"
="8299","群聯","08/26","279","281","276","1,316","272.3↗","278.6↘","285.8↘","294.8↗"
="8342","益張","08/26","53.7","53.7","53.5","8","53.2↘","53.67→","52.91↗","53.31↗"
="8349","恒耀","08/26","48.1","48.45","46.5","220","46.08↗","45.73↗","45.05↗","47.63↗"
"8349A","恒耀甲特","08/26","42.3","42.3","42","22","42.08↗","42.24↘","42.48↘","43.02↘"
="8354","冠好","08/26","17.8","17.8","17.1","20","17.39↗","17.41↗","17.48↗","17.8↗"
="8358","金居","08/26","38.05","38.6","37.85","1,371","37.54↘","38.32↘","39.41↘","40.72↘"
="8383","千附","08/26","37.4","37.45","36.7","352","36.55↗","36.78↗","37.34↘","38.7↗"
="8390","金益鼎","08/26","24.3","24.6","24.15","759","24.47↘","25.06↘","26.17↘","24.46↗"
="8401","白紗科","08/26","11.1","11.1","11.1","7","11.04↗","11.08↘","11.13↗","11.43↘"
="8403","盛弘","08/26","39","39.25","38.35","974","38.72↘","39.34↘","39.84↗","40.28↘"
="8406","金可-KY","08/26","130.5","130.5","126.5","524","126.5↗","127.1↗","131↘","144↘"
="8409","商之器","08/26","20.45","20.45","19.9","29","19.72↗","19.79↗","19.82↗","20.5↗"
="8410","森田","08/26","48.05","49.4","47.7","1,007","46.81↘","47.4↘","47.39↗","46.48↗"
="8415","大國鋼","08/26","25.75","25.75","25.35","67","25.76↗","25.73↘","25.9↘","26.5↘"
="8416","實威","08/26","110","110","109.5","10","109.9↘","110.8↘","111.1→","113.7↘"
="8418","捷必勝-KY","08/26","13","13","13","1","12.97↗","13.14↘","13.26↘","13.55↘"
="8420","明揚","08/26","21.2","21.2","20.6","25","20.8↗","20.73↗","20.97↘","21.48↘"
="8421","旭源","08/26","9.47","9.5","9.47","37","9.47↘","9.66↘","9.78↘","10.01↘"
="8423","保綠-KY","08/26","17.25","17.25","17","8","17.08↗","17.1↗","17.27↗","17.14↗"
="8424","惠普","08/26","49.7","49.7","49.25","10","49.6↘","49.85↗","49.7↗","51.43↘"
="8426","紅木-KY","08/26","13.15","13.15","12.7","37","12.56↘","13.12↘","13.88↘","14.12↘"
="8431","匯鑽科","08/26","54.7","55.5","54.6","133","53.34↗","53.76↗","54.66↗","53.93↗"
="8432","東生華","08/26","63.3","63.9","62.8","72","63.28↘","63.85↘","64.21↘","66.46↘"
="8433","弘帆","08/26","40.1","40.1","38.4","47","39.02↗","38.99↗","38.36↗","41.23↘"
="8435","鉅邁","08/26","49.5","49.6","49.4","16","49.42↘","49.42↗","49.36↗","50.19↘"
="8436","大江","08/26","317","322.5","310.5","2,765","308.1↗","308.3↗","304.4↗","283.8↗"
="8437","大地-KY","08/26","181","181.5","180","18","177.5↗","174.8↗","174↗","183.1↘"
="8440","綠電","08/26","14.15","14.4","14.15","67","14.18↘","14.44↘","14.3↗","13.73↗"
="8444","綠河-KY","08/26","66.5","67.8","66.3","28","67.46↘","68.9↘","69.98↘","63.94↗"
="8446","華研","08/26","102.5","102.5","102","27","103.1↘","104↘","103.9↗","107.4↘"
="8450","霹靂","08/26","25.4","25.6","25.2","9","25.38↘","26.19↘","26.93↘","28.35↗"
="8455","大拓-KY","08/26","20.25","20.25","20.25","0","19.92↘","20.39↘","20.57↗","20.65↘"
="8472","夠麻吉","08/26","40.1","40.1","39.6","8","39.65↗","39.14↗","38.34↗","36.08↗"
="8476","台境","08/26","23.15","23.3","23","8","23.22↗","23.23↘","23.24↗","23.11↘"
="8477","創業家","08/26","40.05","41.7","40.05","75","39.86↗","39.93↘","40.41↘","44.05↘"
="8489","三貝德","08/26","51","51.3","50.8","107","50.68↘","52.53↘","53.37↘","57.65↘"
="8905","裕國","08/26","17.9","17.95","17.85","823","17.13↗","16.24↗","15.86↗","15.5↗"
="8906","花王","08/26","16.1","16.1","16.1","0.3","16.07↗","16.12↘","15.7↗","15.24↗"
="8908","欣雄","08/26","52","52.5","52","7","51.44→","50.87↗","48.92↗","47.52↗"
="8916","光隆","08/26","43.3","43.3","43.15","69","43.26↘","43.46↘","43.51↗","43.32↗"
"8916A","光隆甲特","08/26","52.2","52.2","52","43","52.12↗","52↗","52.2↘","52.6↘"
="8917","欣泰","08/26","63.8","63.8","63.8","0","63.32↗","62.75↘","63.5↘","63.8↗"
="8921","沈氏","08/26","13","13","13","0","13→","13.04↘","13.28↘","13.49↘"
="8923","時報","08/26","14.7","14.7","14.7","1","14.7→","14.69↗","14.69↘","15↘"
="8924","大田","08/26","41.5","42.1","41.1","448","41.22↗","40.77↗","39.32↗","38.41↗"
="8927","北基","08/26","15.4","15.4","15.3","8","15.34↘","15.46↘","15.5↘","15.36↗"
="8928","鉅明","08/26","27.45","27.5","27.35","83","26.95↗","27.16↘","28.07↘","28.7↘"
="8929","富堡","08/26","25.6","25.8","25.2","50","25.04↘","25.18↗","24.76↗","26.02↘"
="8930","青鋼","08/26","11","11","10.95","37","11↘","11.05↘","11.05↗","11.41↘"
="8931","大汽電","08/26","28.05","28.05","27.8","53","28.05→","28.05↘","28↗","28.91↘"
="8932","宏大","08/26","16.05","16.25","15.45","175","16.28↘","16.55↘","16.25↗","13.95↗"
="8933","愛地雅","08/26","14.95","15.2","14.65","2,205","14.43↗","14.38↗","14.5↗","12.95↗"
="8934","衡平","08/26","35.75","35.75","35.75","0","35.58↗","35.55↗","36.03↘","35.6↗"
="8935","邦泰","08/26","7.88","7.9","7.81","21","7.96↘","8↗","8.08↘","8.32↘"
="8936","國統","08/26","15.5","15.5","15.4","184","15.32↘","15.51↘","15.77→","16.53↘"
="8937","合騏","08/26","14.45","14.5","14.25","60","14.69↘","15.14↘","15.52↘","15.15↗"
="8938","明安","08/26","31.8","31.85","31.5","149","31.19↗","31.05↗","30.84↗","31.96↘"
="8941","關中","08/26","39.7","39.9","39.6","10","39.73→","39.41↗","38.75↗","39.07↗"
="8942","森鉅","08/26","51.9","51.9","51.7","172","51.76↘","52.71↘","52.53↗","53.65↘"
="9949","琉園","08/26","12.85","12.9","12.7","6","12.83↗","12.84↗","12.84↗","12.94↗"
="9950","萬國通","08/26","9.22","9.29","9.16","16","9.18↘","9.24↗","9.22↘","9.37↘"
="9951","皇田","08/26","89.2","91","88.1","1,390","88.02↗","85.73↗","80.11↗","78.11↗"
="9960","邁達康","08/26","27.8","27.8","27.8","0","27.6↗","27.9↘","28.45↘","28.22↗"
="9962","有益","08/26","9.14","9.16","9.05","7","9.15↘","9.14↘","9.18↘","9.09↗"
